,adview
0,6.0
1,21.0
2,6.0
3,48.0
4,8.0
5,1.0
6,1.0
7,3.0
8,34.0
9,2.0
10,4.0
11,466253.0
12,9933.0
13,2.0
14,3.0
15,6249.0
16,1.0
17,9.0
18,1.0
19,2.0
20,6.0
21,2.0
22,4.0
23,4.0
24,5.0
25,1.0
26,3.0
27,3.0
28,2.0
29,1.0
30,1.0
31,1.0
32,4.0
33,2.0
34,2.0
35,6.0
36,1.0
37,1.0
38,1.0
39,18.0
40,9.0
41,1.0
42,1.0
43,1.0
44,2.0
45,31.0
46,1.0
47,6.0
48,2.0
49,1.0
50,3.0
51,8.0
52,1.0
53,119.0
54,1.0
55,1.0
56,9.0
57,1.0
58,1.0
59,1.0
60,1.0
61,1.0
62,7.0
63,1.0
64,1.0
65,1.0
66,14.0
67,2.0
68,1.0
69,2.0
70,2.0
71,1.0
72,22.0
73,24.0
74,1.0
75,1.0
76,4.0
77,1.0
78,2.0
79,32.0
80,1.0
81,1.0
82,1.0
83,1.0
84,1.0
85,2.0
86,1.0
87,3.0
88,6.0
89,1.0
90,1.0
91,1.0
92,1.0
93,1.0
94,1.0
95,1.0
96,11.0
97,6.0
98,1.0
99,5.0
100,1.0
101,1754.0
102,1.0
103,4.0
104,3.0
105,5.0
106,87.0
107,1.0
108,1.0
109,1.0
110,3.0
111,2.0
112,2.0
113,13.0
114,14.0
115,3.0
116,1.0
117,2.0
118,1.0
119,1.0
120,3.0
121,8.0
122,1.0
123,1.0
124,1.0
125,8.0
126,27.0
127,196.0
128,4.0
129,1.0
130,1.0
131,1.0
132,1.0
133,1.0
134,2.0
135,9.0
136,2.0
137,5.0
138,1.0
139,2.0
140,1.0
141,3.0
142,2.0
143,1.0
144,2.0
145,1.0
146,1.0
147,3.0
148,4.0
149,2.0
150,257.0
151,6.0
152,1.0
153,1.0
154,2.0
155,11.0
156,1.0
157,1.0
158,512.0
159,13.0
160,2.0
161,5.0
162,1.0
163,1.0
164,11.0
165,1.0
166,200.0
167,2.0
168,1.0
169,11.0
170,1.0
171,1.0
172,7.0
173,9.0
174,1.0
175,6.0
176,3.0
177,1.0
178,1.0
179,7.0
180,2.0
181,1.0
182,1.0
183,1.0
184,1.0
185,1.0
186,5078.0
187,1.0
188,1.0
189,2.0
190,2.0
191,1.0
192,1.0
193,1.0
194,132.0
195,1.0
196,1.0
197,49.0
198,2.0
199,1.0
200,44.0
201,14.0
202,1.0
203,2.0
204,3.0
205,16.0
206,11.0
207,1.0
208,1.0
209,1.0
210,6.0
211,14351.0
212,80.0
213,200.0
214,1.0
215,1.0
216,1.0
217,8.0
218,107.0
219,3.0
220,1.0
221,36.0
222,1.0
223,1.0
224,1.0
225,1.0
226,3.0
227,2.0
228,1.0
229,2.0
230,1.0
231,3.0
232,1.0
233,22.0
234,1.0
235,39.0
236,3666.0
237,2578.0
238,2.0
239,12.0
240,1.0
241,1.0
242,1.0
243,2.0
244,7.0
245,2.0
246,3.0
247,5.0
248,1.0
249,1.0
250,1.0
251,32.0
252,1.0
253,1.0
254,1.0
255,1.0
256,152.0
257,1.0
258,1.0
259,1.0
260,3.0
261,1.0
262,2.0
263,10746.0
264,2.0
265,1.0
266,1.0
267,1.0
268,1.0
269,1.0
270,2.0
271,1.0
272,287688.0
273,1.0
274,1.0
275,1.0
276,1.0
277,1.0
278,51.0
279,2.0
280,4.0
281,1.0
282,2.0
283,1.0
284,1.0
285,1.0
286,1.0
287,2.0
288,7.0
289,2.0
290,1.0
291,1.0
292,2.0
293,1.0
294,1.0
295,1.0
296,2.0
297,5.0
298,1.0
299,1.0
300,2.0
301,1.0
302,2.0
303,3.0
304,1.0
305,2.0
306,1368.0
307,1.0
308,1.0
309,2.0
310,10.0
311,1.0
312,583.0
313,1.0
314,4.0
315,1.0
316,3.0
317,1.0
318,1.0
319,4.0
320,4.0
321,6.0
322,2.0
323,1.0
324,1.0
325,46.0
326,1.0
327,1.0
328,6.0
329,4.0
330,1.0
331,2.0
332,1.0
333,1.0
334,15.0
335,1.0
336,2.0
337,1.0
338,1531.0
339,1.0
340,2.0
341,1.0
342,6.0
343,2425.0
344,1.0
345,31.0
346,4.0
347,1.0
348,7.0
349,1.0
350,2.0
351,1.0
352,6090.0
353,2.0
354,1.0
355,1.0
356,295.0
357,1.0
358,3.0
359,1.0
360,1.0
361,1.0
362,1.0
363,2.0
364,2.0
365,3.0
366,2.0
367,2.0
368,6.0
369,2.0
370,1.0
371,1.0
372,11.0
373,3.0
374,1.0
375,125.0
376,1.0
377,1.0
378,1.0
379,1.0
380,1.0
381,1.0
382,1.0
383,8.0
384,3.0
385,2.0
386,1.0
387,4.0
388,5.0
389,3.0
390,5.0
391,30.0
392,1.0
393,2.0
394,583.0
395,1.0
396,2.0
397,22.0
398,1.0
399,367.0
400,2.0
401,2.0
402,2070.0
403,3.0
404,27.0
405,1.0
406,1.0
407,6.0
408,5.0
409,194.0
410,2.0
411,4.0
412,4.0
413,2.0
414,19.0
415,1.0
416,3.0
417,1.0
418,1.0
419,1.0
420,8.0
421,10.0
422,1.0
423,1.0
424,2.0
425,2.0
426,1.0
427,377.0
428,2.0
429,2.0
430,3.0
431,31.0
432,40.0
433,4.0
434,3.0
435,3.0
436,24650.0
437,3.0
438,17183.0
439,2.0
440,1.0
441,2.0
442,1.0
443,14.0
444,1.0
445,1.0
446,5.0
447,1.0
448,2.0
449,1.0
450,4.0
451,3.0
452,1.0
453,1.0
454,18.0
455,1.0
456,1.0
457,1.0
458,1.0
459,1.0
460,1.0
461,1.0
462,13.0
463,3.0
464,1.0
465,313.0
466,3.0
467,9.0
468,16.0
469,11.0
470,1.0
471,1.0
472,3.0
473,1.0
474,1.0
475,1.0
476,1.0
477,21.0
478,10699.0
479,2.0
480,1.0
481,6.0
482,1.0
483,1.0
484,50157.0
485,10.0
486,2.0
487,11.0
488,40.0
489,3.0
490,2.0
491,1.0
492,1.0
493,48639.0
494,21.0
495,23.0
496,12.0
497,6.0
498,2.0
499,1.0
500,1.0
501,1.0
502,1.0
503,1.0
504,9.0
505,1.0
506,3.0
507,1.0
508,2.0
509,1.0
510,1.0
511,1.0
512,1.0
513,2.0
514,1.0
515,5.0
516,1.0
517,3.0
518,3.0
519,1.0
520,5.0
521,1308.0
522,1.0
523,6.0
524,12.0
525,1.0
526,1.0
527,5.0
528,1.0
529,1.0
530,3.0
531,1.0
532,12.0
533,1.0
534,1681.0
535,1.0
536,1.0
537,1.0
538,3.0
539,1.0
540,2.0
541,1.0
542,4.0
543,4.0
544,4.0
545,2.0
546,2.0
547,1.0
548,4.0
549,33.0
550,55.0
551,4.0
552,2.0
553,1.0
554,1.0
555,1.0
556,2.0
557,3.0
558,1.0
559,5.0
560,1.0
561,1.0
562,1.0
563,75.0
564,3.0
565,11777.0
566,2.0
567,1.0
568,11.0
569,4.0
570,1.0
571,4.0
572,22040.0
573,2.0
574,1.0
575,1.0
576,1.0
577,217.0
578,1.0
579,1.0
580,1.0
581,2.0
582,1.0
583,1.0
584,1.0
585,1.0
586,2.0
587,2.0
588,1.0
589,1.0
590,3.0
591,1.0
592,4.0
593,3.0
594,2.0
595,2.0
596,1.0
597,2965.0
598,31.0
599,1.0
600,1.0
601,2.0
602,1.0
603,1.0
604,1.0
605,1.0
606,1.0
607,1.0
608,1.0
609,3.0
610,3.0
611,7.0
612,1.0
613,9.0
614,5687.0
615,1.0
616,1.0
617,1.0
618,1.0
619,2.0
620,2.0
621,1.0
622,17.0
623,4.0
624,1.0
625,1.0
626,1.0
627,1.0
628,1.0
629,1.0
630,1.0
631,1.0
632,1.0
633,8.0
634,1.0
635,4.0
636,1.0
637,1.0
638,10488.0
639,1.0
640,1.0
641,1.0
642,7.0
643,1.0
644,1.0
645,2.0
646,2.0
647,1.0
648,2.0
649,2.0
650,2.0
651,2.0
652,3.0
653,5.0
654,3.0
655,70069.0
656,1.0
657,2.0
658,1.0
659,7.0
660,1.0
661,1.0
662,5.0
663,3.0
664,1.0
665,1.0
666,14.0
667,1.0
668,1.0
669,1.0
670,1.0
671,2.0
672,1.0
673,25.0
674,7.0
675,4005.0
676,5.0
677,2.0
678,1.0
679,1.0
680,3.0
681,1.0
682,1.0
683,20947.0
684,3.0
685,3.0
686,33.0
687,54.0
688,7.0
689,24650.0
690,4.0
691,2720.0
692,52.0
693,4.0
694,1.0
695,8.0
696,18.0
697,4.0
698,2.0
699,1.0
700,1.0
701,39.0
702,1.0
703,1.0
704,1.0
705,1.0
706,1.0
707,1.0
708,1.0
709,5.0
710,1.0
711,9.0
712,1.0
713,1.0
714,27826.0
715,1.0
716,1.0
717,1.0
718,5.0
719,7.0
720,10.0
721,1.0
722,12465.0
723,190.0
724,6.0
725,2.0
726,1.0
727,1.0
728,1.0
729,3.0
730,5.0
731,1.0
732,2.0
733,1.0
734,96.0
735,2.0
736,3.0
737,15.0
738,2.0
739,1.0
740,4.0
741,3.0
742,1.0
743,2.0
744,1.0
745,2.0
746,4.0
747,7.0
748,13.0
749,1.0
750,1.0
751,7.0
752,6249.0
753,1.0
754,7.0
755,2.0
756,79.0
757,2.0
758,1.0
759,1.0
760,1.0
761,33.0
762,124.0
763,4.0
764,6175.0
765,1.0
766,11.0
767,1.0
768,18.0
769,4.0
770,11.0
771,2.0
772,1147.0
773,10.0
774,12.0
775,1.0
776,130.0
777,1.0
778,30.0
779,1.0
780,1.0
781,162.0
782,4.0
783,2.0
784,1.0
785,2.0
786,1.0
787,5.0
788,2.0
789,3.0
790,124.0
791,4.0
792,1.0
793,5.0
794,1.0
795,8.0
796,1.0
797,22.0
798,1.0
799,2.0
800,2.0
801,12.0
802,2.0
803,8114.0
804,107.0
805,9.0
806,61.0
807,1.0
808,3.0
809,2.0
810,7.0
811,1.0
812,355.0
813,2.0
814,1.0
815,18.0
816,2.0
817,1.0
818,396.0
819,2.0
820,21.0
821,9.0
822,3.0
823,1.0
824,79.0
825,2.0
826,1.0
827,2.0
828,33.0
829,3.0
830,1.0
831,3.0
832,87.0
833,2.0
834,27.0
835,1.0
836,7.0
837,1.0
838,10.0
839,6.0
840,2.0
841,3.0
842,1.0
843,1.0
844,1.0
845,1.0
846,18782.0
847,3.0
848,1.0
849,32.0
850,3.0
851,120.0
852,2.0
853,1.0
854,4.0
855,1.0
856,4.0
857,876.0
858,4.0
859,3.0
860,1.0
861,1.0
862,12.0
863,1.0
864,6.0
865,1.0
866,2.0
867,1.0
868,1.0
869,1.0
870,107.0
871,1.0
872,6.0
873,7.0
874,1.0
875,1.0
876,1.0
877,39.0
878,1.0
879,5.0
880,1.0
881,7.0
882,21.0
883,1.0
884,1.0
885,2.0
886,6.0
887,4.0
888,32.0
889,1.0
890,5762.0
891,39732.0
892,3.0
893,20.0
894,2.0
895,1.0
896,1.0
897,1.0
898,1.0
899,6.0
900,3.0
901,14.0
902,1.0
903,1.0
904,1.0
905,2.0
906,1.0
907,1.0
908,5.0
909,3.0
910,3.0
911,1.0
912,1.0
913,1.0
914,2.0
915,1.0
916,1.0
917,2.0
918,2.0
919,11.0
920,1.0
921,1.0
922,1.0
923,1.0
924,2.0
925,1.0
926,1.0
927,2287.0
928,3.0
929,10.0
930,1.0
931,28.0
932,1.0
933,1.0
934,1.0
935,4.0
936,2.0
937,9936.0
938,11.0
939,2.0
940,2.0
941,15.0
942,1.0
943,3.0
944,1.0
945,2.0
946,5.0
947,1.0
948,10.0
949,1.0
950,372.0
951,1.0
952,14.0
953,1.0
954,1.0
955,11.0
956,3008.0
957,2.0
958,1.0
959,1.0
960,2.0
961,6.0
962,5.0
963,1.0
964,2.0
965,2.0
966,1.0
967,13.0
968,1.0
969,3.0
970,1.0
971,1.0
972,2.0
973,1.0
974,11.0
975,62.0
976,1.0
977,1.0
978,1.0
979,7.0
980,129.0
981,70069.0
982,1.0
983,60.0
984,1.0
985,2.0
986,1.0
987,2.0
988,1.0
989,1.0
990,1.0
991,1.0
992,1.0
993,13.0
994,3.0
995,3.0
996,1.0
997,362.0
998,1.0
999,1.0
1000,1.0
1001,1.0
1002,5590.0
1003,9.0
1004,1.0
1005,1.0
1006,1.0
1007,1.0
1008,22.0
1009,1.0
1010,5.0
1011,6.0
1012,1.0
1013,2.0
1014,6.0
1015,3.0
1016,2.0
1017,4909.0
1018,1.0
1019,1.0
1020,2.0
1021,6.0
1022,2.0
1023,3.0
1024,1.0
1025,5.0
1026,2.0
1027,1.0
1028,1.0
1029,1.0
1030,10.0
1031,1.0
1032,6.0
1033,1.0
1034,1.0
1035,3.0
1036,1.0
1037,1.0
1038,1.0
1039,51.0
1040,1.0
1041,11.0
1042,1.0
1043,1.0
1044,1.0
1045,1.0
1046,2.0
1047,1.0
1048,367.0
1049,3.0
1050,1.0
1051,1.0
1052,2.0
1053,1.0
1054,1.0
1055,1.0
1056,1.0
1057,160.0
1058,54.0
1059,1.0
1060,2.0
1061,51.0
1062,6090.0
1063,3.0
1064,3687.0
1065,1.0
1066,2.0
1067,1.0
1068,2.0
1069,55.0
1070,1.0
1071,1.0
1072,9.0
1073,9.0
1074,1.0
1075,1.0
1076,1.0
1077,19.0
1078,1.0
1079,1.0
1080,1.0
1081,6.0
1082,1.0
1083,1.0
1084,1.0
1085,1.0
1086,2.0
1087,1.0
1088,1.0
1089,1.0
1090,1.0
1091,1.0
1092,2.0
1093,2.0
1094,3.0
1095,4.0
1096,1.0
1097,1.0
1098,1.0
1099,1.0
1100,1.0
1101,2.0
1102,1.0
1103,1.0
1104,27.0
1105,2.0
1106,1.0
1107,2.0
1108,1.0
1109,2.0
1110,359.0
1111,3.0
1112,3.0
1113,1.0
1114,2.0
1115,1.0
1116,10.0
1117,1.0
1118,15742.0
1119,1.0
1120,1.0
1121,2.0
1122,248.0
1123,8.0
1124,1.0
1125,61.0
1126,1.0
1127,9478.0
1128,1.0
1129,13.0
1130,1.0
1131,7.0
1132,1.0
1133,3.0
1134,3.0
1135,1.0
1136,1.0
1137,1.0
1138,1.0
1139,1648.0
1140,34.0
1141,1.0
1142,1.0
1143,1.0
1144,1.0
1145,1.0
1146,4.0
1147,7.0
1148,1.0
1149,1.0
1150,3.0
1151,1.0
1152,1.0
1153,1.0
1154,4.0
1155,1.0
1156,304244.0
1157,2.0
1158,1.0
1159,1.0
1160,2167.0
1161,1.0
1162,1.0
1163,296.0
1164,1.0
1165,2.0
1166,1.0
1167,1.0
1168,2.0
1169,1311.0
1170,1.0
1171,31.0
1172,1.0
1173,40.0
1174,25.0
1175,1.0
1176,9.0
1177,9.0
1178,218.0
1179,4.0
1180,3.0
1181,583.0
1182,4.0
1183,39.0
1184,1.0
1185,2.0
1186,2.0
1187,1.0
1188,1.0
1189,1.0
1190,2.0
1191,2.0
1192,3.0
1193,73.0
1194,1.0
1195,3.0
1196,1.0
1197,5.0
1198,2.0
1199,1.0
1200,17.0
1201,1.0
1202,29.0
1203,1.0
1204,16.0
1205,1.0
1206,442.0
1207,4.0
1208,2.0
1209,4.0
1210,144.0
1211,21.0
1212,4.0
1213,79.0
1214,2.0
1215,25.0
1216,3.0
1217,4.0
1218,14.0
1219,2.0
1220,1.0
1221,7.0
1222,1.0
1223,2.0
1224,1.0
1225,1.0
1226,3.0
1227,7.0
1228,3.0
1229,2.0
1230,1.0
1231,4.0
1232,103.0
1233,4.0
1234,1.0
1235,1.0
1236,1.0
1237,10.0
1238,22040.0
1239,1.0
1240,3.0
1241,1.0
1242,6.0
1243,262.0
1244,1.0
1245,160.0
1246,273.0
1247,1.0
1248,3.0
1249,1.0
1250,3.0
1251,1.0
1252,6.0
1253,2.0
1254,1.0
1255,1.0
1256,1.0
1257,1.0
1258,1.0
1259,39732.0
1260,1.0
1261,4.0
1262,2.0
1263,3.0
1264,1.0
1265,1.0
1266,2.0
1267,1.0
1268,1.0
1269,1.0
1270,12.0
1271,16.0
1272,1.0
1273,1.0
1274,11.0
1275,3.0
1276,4.0
1277,2.0
1278,4.0
1279,1.0
1280,280.0
1281,32.0
1282,15.0
1283,1.0
1284,3.0
1285,1.0
1286,2.0
1287,21.0
1288,5.0
1289,1.0
1290,2.0
1291,49.0
1292,11.0
1293,1.0
1294,2.0
1295,3.0
1296,124.0
1297,1.0
1298,4.0
1299,127.0
1300,3.0
1301,4.0
1302,2.0
1303,231.0
1304,90.0
1305,2.0
1306,1.0
1307,1.0
1308,1.0
1309,11.0
1310,1.0
1311,2.0
1312,4.0
1313,1.0
1314,1.0
1315,3.0
1316,21.0
1317,5.0
1318,1.0
1319,1.0
1320,1.0
1321,1.0
1322,1.0
1323,1.0
1324,1.0
1325,1.0
1326,1.0
1327,3.0
1328,1.0
1329,1.0
1330,1.0
1331,1.0
1332,3.0
1333,31.0
1334,17655.0
1335,383.0
1336,6.0
1337,1.0
1338,1.0
1339,1.0
1340,1.0
1341,39.0
1342,1.0
1343,1.0
1344,1.0
1345,1.0
1346,1.0
1347,57.0
1348,1.0
1349,9.0
1350,6.0
1351,1.0
1352,33168.0
1353,1.0
1354,1.0
1355,2.0
1356,5687.0
1357,1.0
1358,2.0
1359,17537.0
1360,1.0
1361,1.0
1362,1.0
1363,1.0
1364,4.0
1365,1.0
1366,453.0
1367,2.0
1368,5.0
1369,3.0
1370,3218.0
1371,2.0
1372,1.0
1373,5.0
1374,1.0
1375,14.0
1376,1.0
1377,19.0
1378,5.0
1379,1.0
1380,1.0
1381,2.0
1382,1.0
1383,8207.0
1384,3.0
1385,13.0
1386,6722.0
1387,4.0
1388,3.0
1389,6.0
1390,4.0
1391,6.0
1392,1.0
1393,2.0
1394,1.0
1395,3687.0
1396,1.0
1397,1.0
1398,8.0
1399,1.0
1400,1.0
1401,2.0
1402,4.0
1403,1.0
1404,2.0
1405,1.0
1406,2.0
1407,3.0
1408,1.0
1409,1.0
1410,1.0
1411,1.0
1412,2.0
1413,7.0
1414,1.0
1415,3.0
1416,14.0
1417,6.0
1418,2.0
1419,6.0
1420,4.0
1421,1.0
1422,1.0
1423,458.0
1424,2.0
1425,3.0
1426,1.0
1427,2.0
1428,458.0
1429,1531.0
1430,1.0
1431,1.0
1432,1.0
1433,1.0
1434,1.0
1435,1.0
1436,1.0
1437,1.0
1438,1.0
1439,2.0
1440,2.0
1441,19.0
1442,2.0
1443,1.0
1444,1.0
1445,1.0
1446,1.0
1447,1.0
1448,1.0
1449,2.0
1450,4909.0
1451,1147.0
1452,1.0
1453,1.0
1454,2.0
1455,1.0
1456,2.0
1457,1.0
1458,1.0
1459,1.0
1460,1.0
1461,7.0
1462,16.0
1463,15.0
1464,1.0
1465,1.0
1466,1.0
1467,79.0
1468,11.0
1469,8.0
1470,3.0
1471,1.0
1472,1.0
1473,5.0
1474,1.0
1475,2.0
1476,1.0
1477,1583846.0
1478,1.0
1479,6.0
1480,1.0
1481,1.0
1482,11.0
1483,1.0
1484,1.0
1485,4.0
1486,69.0
1487,7.0
1488,1.0
1489,1.0
1490,3.0
1491,18.0
1492,3.0
1493,10.0
1494,1.0
1495,1.0
1496,2.0
1497,4.0
1498,1.0
1499,10.0
1500,32.0
1501,3.0
1502,1.0
1503,1.0
1504,1.0
1505,1.0
1506,17.0
1507,3.0
1508,1.0
1509,1.0
1510,5.0
1511,1.0
1512,5.0
1513,5.0
1514,1.0
1515,1.0
1516,3.0
1517,14.0
1518,1.0
1519,5.0
1520,6.0
1521,1.0
1522,1.0
1523,4.0
1524,1.0
1525,2.0
1526,1.0
1527,1.0
1528,63.0
1529,32.0
1530,1.0
1531,4.0
1532,3.0
1533,6.0
1534,1.0
1535,1.0
1536,814.0
1537,1.0
1538,6.0
1539,2.0
1540,1.0
1541,27.0
1542,1.0
1543,1.0
1544,2.0
1545,1.0
1546,1.0
1547,2.0
1548,2.0
1549,1.0
1550,5.0
1551,32.0
1552,1.0
1553,3.0
1554,8.0
1555,12.0
1556,13.0
1557,1.0
1558,1.0
1559,1.0
1560,3.0
1561,15.0
1562,1.0
1563,14.0
1564,1.0
1565,1.0
1566,132.0
1567,1.0
1568,1.0
1569,1.0
1570,1.0
1571,1.0
1572,2.0
1573,2.0
1574,1.0
1575,1.0
1576,2.0
1577,1.0
1578,1.0
1579,12.0
1580,1.0
1581,2469.0
1582,1.0
1583,1.0
1584,1.0
1585,4.0
1586,1.0
1587,1.0
1588,22.0
1589,1.0
1590,1.0
1591,1.0
1592,4.0
1593,5.0
1594,5.0
1595,6.0
1596,4.0
1597,30.0
1598,2.0
1599,4.0
1600,1.0
1601,2.0
1602,16.0
1603,6.0
1604,1.0
1605,34.0
1606,1.0
1607,1.0
1608,1.0
1609,5.0
1610,1.0
1611,10.0
1612,1.0
1613,1.0
1614,5.0
1615,1.0
1616,1.0
1617,1.0
1618,26.0
1619,27.0
1620,1.0
1621,1.0
1622,1.0
1623,1.0
1624,1.0
1625,1.0
1626,1.0
1627,1.0
1628,3.0
1629,2.0
1630,1.0
1631,2.0
1632,1.0
1633,1.0
1634,144.0
1635,6175.0
1636,1.0
1637,1.0
1638,1.0
1639,3.0
1640,5.0
1641,1.0
1642,106.0
1643,2.0
1644,8.0
1645,2.0
1646,13.0
1647,3.0
1648,1.0
1649,1.0
1650,1.0
1651,1.0
1652,1.0
1653,3.0
1654,8.0
1655,28.0
1656,2.0
1657,4.0
1658,1.0
1659,9.0
1660,1.0
1661,142.0
1662,2.0
1663,3.0
1664,9.0
1665,1.0
1666,1.0
1667,55.0
1668,1.0
1669,1.0
1670,1.0
1671,1.0
1672,3.0
1673,13.0
1674,1.0
1675,1.0
1676,2.0
1677,7.0
1678,1.0
1679,1.0
1680,1176.0
1681,1.0
1682,3.0
1683,8.0
1684,1.0
1685,27826.0
1686,3.0
1687,2.0
1688,16126.0
1689,2.0
1690,3.0
1691,4.0
1692,1.0
1693,2.0
1694,1.0
1695,4.0
1696,6.0
1697,3.0
1698,4.0
1699,1.0
1700,1.0
1701,1.0
1702,1.0
1703,2.0
1704,4.0
1705,28.0
1706,1.0
1707,4.0
1708,1.0
1709,13.0
1710,1.0
1711,5.0
1712,3.0
1713,2.0
1714,1.0
1715,2.0
1716,1.0
1717,1.0
1718,2.0
1719,12.0
1720,1.0
1721,1.0
1722,5.0
1723,2.0
1724,1.0
1725,1.0
1726,2.0
1727,1.0
1728,1.0
1729,10.0
1730,1.0
1731,1.0
1732,1.0
1733,1.0
1734,1.0
1735,3.0
1736,1.0
1737,5.0
1738,4.0
1739,1.0
1740,3.0
1741,3.0
1742,1.0
1743,1.0
1744,6.0
1745,1.0
1746,6.0
1747,1.0
1748,12.0
1749,2.0
1750,73.0
1751,1.0
1752,1.0
1753,5.0
1754,1.0
1755,2.0
1756,5.0
1757,1.0
1758,1.0
1759,1.0
1760,3.0
1761,2.0
1762,1.0
1763,4.0
1764,2.0
1765,1.0
1766,1.0
1767,4.0
1768,2.0
1769,1.0
1770,4.0
1771,9.0
1772,9.0
1773,10.0
1774,13.0
1775,1.0
1776,1.0
1777,3.0
1778,1.0
1779,12.0
1780,1.0
1781,1.0
1782,3.0
1783,2877.0
1784,1.0
1785,91.0
1786,1.0
1787,1.0
1788,1.0
1789,1.0
1790,2.0
1791,4005.0
1792,1.0
1793,1.0
1794,1.0
1795,122.0
1796,1.0
1797,1.0
1798,5.0
1799,5.0
1800,1.0
1801,5.0
1802,1.0
1803,4.0
1804,1.0
1805,6.0
1806,2.0
1807,1.0
1808,1.0
1809,1.0
1810,124.0
1811,27.0
1812,1.0
1813,1.0
1814,1.0
1815,7.0
1816,2.0
1817,5.0
1818,4.0
1819,4.0
1820,12.0
1821,2.0
1822,2.0
1823,6.0
1824,362.0
1825,2.0
1826,1.0
1827,54.0
1828,2.0
1829,1.0
1830,12.0
1831,22.0
1832,1.0
1833,84.0
1834,9.0
1835,1674.0
1836,2.0
1837,4.0
1838,1.0
1839,2.0
1840,1.0
1841,1.0
1842,26142.0
1843,152.0
1844,5.0
1845,37185.0
1846,1.0
1847,9348.0
1848,9.0
1849,22.0
1850,14863.0
1851,1.0
1852,1.0
1853,1.0
1854,1.0
1855,3.0
1856,1.0
1857,2.0
1858,3.0
1859,1.0
1860,1.0
1861,7.0
1862,2909.0
1863,1.0
1864,3.0
1865,2.0
1866,2.0
1867,12.0
1868,1.0
1869,1.0
1870,1.0
1871,7.0
1872,1.0
1873,4.0
1874,49.0
1875,4.0
1876,5.0
1877,10.0
1878,3.0
1879,3.0
1880,1.0
1881,67.0
1882,9.0
1883,1.0
1884,1.0
1885,16.0
1886,79.0
1887,3.0
1888,1.0
1889,200.0
1890,3.0
1891,1.0
1892,1.0
1893,1.0
1894,2.0
1895,1.0
1896,7.0
1897,2.0
1898,2.0
1899,1.0
1900,1.0
1901,1.0
1902,1.0
1903,6.0
1904,1.0
1905,1.0
1906,4.0
1907,1.0
1908,1.0
1909,34.0
1910,2.0
1911,3.0
1912,1.0
1913,1.0
1914,2.0
1915,3.0
1916,152.0
1917,4.0
1918,1.0
1919,1200.0
1920,4.0
1921,192.0
1922,1.0
1923,10.0
1924,30.0
1925,1.0
1926,1687.0
1927,1.0
1928,1.0
1929,1.0
1930,1.0
1931,1.0
1932,2.0
1933,5.0
1934,1.0
1935,2.0
1936,1181.0
1937,5584.0
1938,1.0
1939,789.0
1940,1.0
1941,1.0
1942,1.0
1943,1.0
1944,13.0
1945,22.0
1946,1.0
1947,1.0
1948,4.0
1949,2.0
1950,3.0
1951,1.0
1952,8.0
1953,125.0
1954,505.0
1955,1.0
1956,2.0
1957,13227.0
1958,1986.0
1959,9.0
1960,1.0
1961,2.0
1962,7.0
1963,2.0
1964,1.0
1965,15.0
1966,3.0
1967,1.0
1968,1.0
1969,2.0
1970,1.0
1971,2965.0
1972,1.0
1973,125.0
1974,2.0
1975,7.0
1976,9.0
1977,1.0
1978,20.0
1979,4.0
1980,1.0
1981,55.0
1982,4.0
1983,1.0
1984,1.0
1985,1.0
1986,2.0
1987,225.0
1988,6.0
1989,21.0
1990,9.0
1991,12.0
1992,1.0
1993,5.0
1994,1.0
1995,4.0
1996,3.0
1997,79.0
1998,1.0
1999,5.0
2000,1.0
2001,7530.0
2002,1.0
2003,2.0
2004,3111.0
2005,2.0
2006,2.0
2007,8.0
2008,3.0
2009,1.0
2010,1.0
2011,4.0
2012,74.0
2013,4.0
2014,6030.0
2015,1.0
2016,1.0
2017,1681.0
2018,2.0
2019,3.0
2020,3.0
2021,1.0
2022,4.0
2023,17.0
2024,2.0
2025,1.0
2026,1.0
2027,3.0
2028,1.0
2029,1.0
2030,2.0
2031,3.0
2032,7.0
2033,10.0
2034,2.0
2035,2416.0
2036,4.0
2037,1.0
2038,2.0
2039,1.0
2040,1.0
2041,2.0
2042,12.0
2043,125.0
2044,1.0
2045,44.0
2046,1.0
2047,9596.0
2048,1.0
2049,1.0
2050,1.0
2051,1.0
2052,1.0
2053,1.0
2054,1.0
2055,1.0
2056,1.0
2057,1.0
2058,1.0
2059,1.0
2060,2.0
2061,2.0
2062,9.0
2063,2.0
2064,2.0
2065,1.0
2066,18.0
2067,1.0
2068,1.0
2069,2.0
2070,1.0
2071,1.0
2072,1.0
2073,1.0
2074,3.0
2075,3.0
2076,1.0
2077,1.0
2078,3.0
2079,1.0
2080,1.0
2081,1.0
2082,1.0
2083,735.0
2084,3.0
2085,1.0
2086,1.0
2087,2.0
2088,3.0
2089,1.0
2090,1.0
2091,257.0
2092,2.0
2093,6.0
2094,3.0
2095,255.0
2096,1.0
2097,1.0
2098,2.0
2099,1.0
2100,1.0
2101,1.0
2102,1.0
2103,1.0
2104,40.0
2105,1.0
2106,3.0
2107,6.0
2108,7.0
2109,1.0
2110,1.0
2111,1.0
2112,1.0
2113,1.0
2114,12.0
2115,1.0
2116,3.0
2117,13.0
2118,3.0
2119,2.0
2120,1.0
2121,9.0
2122,1.0
2123,1.0
2124,3.0
2125,3.0
2126,1.0
2127,9.0
2128,4.0
2129,10.0
2130,2.0
2131,4.0
2132,2.0
2133,53.0
2134,1.0
2135,12.0
2136,1.0
2137,13.0
2138,16.0
2139,11.0
2140,1.0
2141,1.0
2142,78.0
2143,45.0
2144,11.0
2145,2.0
2146,1.0
2147,4.0
2148,16.0
2149,1.0
2150,1.0
2151,2.0
2152,17655.0
2153,1.0
2154,4.0
2155,1.0
2156,1.0
2157,1.0
2158,1.0
2159,9.0
2160,1.0
2161,1.0
2162,1.0
2163,26.0
2164,1.0
2165,11.0
2166,1.0
2167,1.0
2168,25.0
2169,1.0
2170,1.0
2171,21.0
2172,12.0
2173,1.0
2174,10.0
2175,1.0
2176,56.0
2177,1.0
2178,1.0
2179,1.0
2180,1.0
2181,6.0
2182,40285.0
2183,1.0
2184,54.0
2185,1.0
2186,2.0
2187,1.0
2188,14.0
2189,12.0
2190,1.0
2191,79.0
2192,1.0
2193,2.0
2194,3.0
2195,1.0
2196,1.0
2197,3.0
2198,3.0
2199,1.0
2200,3.0
2201,11.0
2202,1.0
2203,2.0
2204,1.0
2205,3.0
2206,1.0
2207,1.0
2208,1.0
2209,1.0
2210,1.0
2211,6.0
2212,2.0
2213,5.0
2214,4.0
2215,2.0
2216,34.0
2217,1.0
2218,2.0
2219,6.0
2220,1.0
2221,1.0
2222,1.0
2223,2.0
2224,1.0
2225,5.0
2226,1.0
2227,1.0
2228,1.0
2229,3.0
2230,14350.0
2231,1.0
2232,1.0
2233,1.0
2234,1049.0
2235,1.0
2236,7.0
2237,1.0
2238,6.0
2239,1.0
2240,36.0
2241,65202.0
2242,1.0
2243,1.0
2244,1.0
2245,1.0
2246,1.0
2247,1.0
2248,30.0
2249,1.0
2250,3.0
2251,1.0
2252,1.0
2253,1.0
2254,1.0
2255,1.0
2256,17.0
2257,1.0
2258,2.0
2259,11.0
2260,1.0
2261,1.0
2262,3.0
2263,2.0
2264,1.0
2265,4.0
2266,55.0
2267,3.0
2268,110.0
2269,2.0
2270,1308.0
2271,1.0
2272,1.0
2273,3.0
2274,41.0
2275,1.0
2276,1.0
2277,15.0
2278,1.0
2279,4.0
2280,2.0
2281,1.0
2282,9.0
2283,2.0
2284,55.0
2285,1.0
2286,2.0
2287,1.0
2288,3.0
2289,17758.0
2290,1.0
2291,3.0
2292,4.0
2293,5.0
2294,3.0
2295,1.0
2296,2.0
2297,7.0
2298,11.0
2299,13.0
2300,1.0
2301,680.0
2302,1.0
2303,3.0
2304,18.0
2305,50.0
2306,2.0
2307,1.0
2308,5.0
2309,1.0
2310,4.0
2311,3.0
2312,15.0
2313,1.0
2314,4005.0
2315,1.0
2316,2.0
2317,1.0
2318,1.0
2319,4370.0
2320,1181.0
2321,1.0
2322,1.0
2323,1.0
2324,1.0
2325,1.0
2326,84.0
2327,1.0
2328,57.0
2329,1.0
2330,25.0
2331,2.0
2332,12.0
2333,1.0
2334,1.0
2335,5783.0
2336,1.0
2337,20.0
2338,11.0
2339,1.0
2340,3.0
2341,1.0
2342,1.0
2343,2.0
2344,1.0
2345,21.0
2346,4.0
2347,1.0
2348,36773.0
2349,1.0
2350,1.0
2351,1.0
2352,789.0
2353,2.0
2354,1.0
2355,2.0
2356,2.0
2357,97.0
2358,1.0
2359,9.0
2360,2.0
2361,1.0
2362,3.0
2363,1.0
2364,1.0
2365,2.0
2366,1.0
2367,1.0
2368,6.0
2369,3.0
2370,1.0
2371,1.0
2372,2.0
2373,1.0
2374,1.0
2375,6.0
2376,1.0
2377,1.0
2378,5933.0
2379,7.0
2380,2.0
2381,3.0
2382,9.0
2383,1.0
2384,11.0
2385,2.0
2386,1.0
2387,1.0
2388,1.0
2389,72.0
2390,6465.0
2391,1.0
2392,2.0
2393,1.0
2394,1.0
2395,6.0
2396,1.0
2397,2.0
2398,1.0
2399,1.0
2400,1.0
2401,1.0
2402,7.0
2403,7.0
2404,5.0
2405,1.0
2406,14.0
2407,1.0
2408,11.0
2409,1.0
2410,2.0
2411,1.0
2412,1.0
2413,1.0
2414,1.0
2415,4.0
2416,5.0
2417,5.0
2418,4.0
2419,152.0
2420,9.0
2421,7.0
2422,1506.0
2423,2.0
2424,2.0
2425,1.0
2426,2.0
2427,1.0
2428,1.0
2429,1.0
2430,27826.0
2431,1.0
2432,4.0
2433,3.0
2434,1.0
2435,2980.0
2436,4.0
2437,12.0
2438,3.0
2439,2.0
2440,1.0
2441,6.0
2442,1.0
2443,1.0
2444,35.0
2445,2.0
2446,1.0
2447,4.0
2448,1.0
2449,12.0
2450,2.0
2451,2.0
2452,4.0
2453,3.0
2454,1.0
2455,10832.0
2456,50157.0
2457,3.0
2458,15.0
2459,18.0
2460,10.0
2461,5.0
2462,16.0
2463,9596.0
2464,1.0
2465,1.0
2466,2.0
2467,1311.0
2468,1.0
2469,4.0
2470,2.0
2471,1.0
2472,3.0
2473,1.0
2474,3.0
2475,1.0
2476,3.0
2477,152.0
2478,1.0
2479,1.0
2480,5.0
2481,4.0
2482,1.0
2483,17.0
2484,1.0
2485,2.0
2486,2.0
2487,1.0
2488,1.0
2489,1.0
2490,1.0
2491,32.0
2492,11.0
2493,1.0
2494,1.0
2495,7.0
2496,7.0
2497,1.0
2498,1.0
2499,49.0
2500,1.0
2501,2.0
2502,13.0
2503,2.0
2504,20.0
2505,4.0
2506,1.0
2507,2.0
2508,1.0
2509,39.0
2510,1.0
2511,2.0
2512,1.0
2513,1.0
2514,1.0
2515,1.0
2516,2.0
2517,1.0
2518,49.0
2519,13021.0
2520,2.0
2521,8.0
2522,4.0
2523,27.0
2524,6.0
2525,150.0
2526,1.0
2527,1.0
2528,1.0
2529,7.0
2530,30.0
2531,1.0
2532,1.0
2533,1.0
2534,1.0
2535,9.0
2536,2.0
2537,4.0
2538,110.0
2539,2.0
2540,3.0
2541,1.0
2542,1.0
2543,1.0
2544,3.0
2545,11169.0
2546,2.0
2547,1.0
2548,8.0
2549,10387.0
2550,7.0
2551,4.0
2552,1.0
2553,1.0
2554,10.0
2555,1.0
2556,1329.0
2557,1.0
2558,17.0
2559,4.0
2560,2.0
2561,2.0
2562,6.0
2563,5.0
2564,16.0
2565,2.0
2566,16.0
2567,17.0
2568,4.0
2569,18.0
2570,4.0
2571,1.0
2572,1.0
2573,1.0
2574,1.0
2575,2.0
2576,1.0
2577,109.0
2578,1.0
2579,7.0
2580,1.0
2581,1.0
2582,1.0
2583,1.0
2584,1.0
2585,5.0
2586,10.0
2587,1.0
2588,2.0
2589,3.0
2590,2.0
2591,1.0
2592,2.0
2593,1.0
2594,2.0
2595,109.0
2596,3.0
2597,8.0
2598,5.0
2599,1.0
2600,1.0
2601,44.0
2602,1.0
2603,1.0
2604,1.0
2605,1.0
2606,3.0
2607,1.0
2608,1.0
2609,1.0
2610,14.0
2611,1.0
2612,2.0
2613,17.0
2614,12.0
2615,262.0
2616,7904.0
2617,1681.0
2618,14.0
2619,2.0
2620,1.0
2621,1.0
2622,104.0
2623,14.0
2624,7.0
2625,1.0
2626,1.0
2627,2.0
2628,10.0
2629,1.0
2630,1.0
2631,3.0
2632,1.0
2633,1.0
2634,5.0
2635,12.0
2636,2.0
2637,1.0
2638,1.0
2639,9.0
2640,4.0
2641,11.0
2642,2.0
2643,2.0
2644,1.0
2645,2.0
2646,47.0
2647,1.0
2648,1.0
2649,2.0
2650,1.0
2651,1.0
2652,17655.0
2653,1.0
2654,2.0
2655,36.0
2656,16.0
2657,10.0
2658,10.0
2659,1.0
2660,2.0
2661,12.0
2662,1.0
2663,4005.0
2664,1.0
2665,2.0
2666,39.0
2667,4.0
2668,1.0
2669,789.0
2670,13549.0
2671,49.0
2672,1.0
2673,3.0
2674,2294.0
2675,3.0
2676,1.0
2677,1.0
2678,9.0
2679,4.0
2680,1.0
2681,31.0
2682,1.0
2683,1.0
2684,3.0
2685,1.0
2686,10.0
2687,1.0
2688,1.0
2689,1.0
2690,49.0
2691,1.0
2692,1.0
2693,1.0
2694,6.0
2695,1.0
2696,5.0
2697,1.0
2698,12.0
2699,3.0
2700,24.0
2701,1.0
2702,4.0
2703,1.0
2704,10.0
2705,123201.0
2706,6.0
2707,1.0
2708,1.0
2709,1.0
2710,1.0
2711,5.0
2712,4.0
2713,17.0
2714,1.0
2715,19.0
2716,1.0
2717,33.0
2718,1.0
2719,1.0
2720,1.0
2721,6.0
2722,2722.0
2723,1.0
2724,1.0
2725,2.0
2726,3.0
2727,2.0
2728,2.0
2729,15.0
2730,32.0
2731,2.0
2732,79.0
2733,1.0
2734,1.0
2735,2.0
2736,17.0
2737,1.0
2738,161.0
2739,3.0
2740,3.0
2741,9.0
2742,1.0
2743,10.0
2744,5.0
2745,1.0
2746,1.0
2747,1.0
2748,1.0
2749,1.0
2750,6.0
2751,1.0
2752,6.0
2753,1.0
2754,6.0
2755,6.0
2756,1.0
2757,851.0
2758,1.0
2759,4.0
2760,1.0
2761,304244.0
2762,3.0
2763,3.0
2764,1.0
2765,3.0
2766,2.0
2767,2.0
2768,3.0
2769,3.0
2770,1.0
2771,1.0
2772,17183.0
2773,1.0
2774,1.0
2775,1.0
2776,3720.0
2777,1155.0
2778,2.0
2779,1.0
2780,4.0
2781,1.0
2782,1.0
2783,5.0
2784,2.0
2785,2.0
2786,1.0
2787,1.0
2788,1.0
2789,2.0
2790,20.0
2791,2.0
2792,2.0
2793,1.0
2794,1.0
2795,1.0
2796,2.0
2797,8859.0
2798,2.0
2799,117.0
2800,1.0
2801,2.0
2802,1.0
2803,11169.0
2804,1.0
2805,1.0
2806,1.0
2807,1.0
2808,2.0
2809,1.0
2810,4.0
2811,1.0
2812,1.0
2813,1.0
2814,1.0
2815,4.0
2816,1.0
2817,9.0
2818,27.0
2819,1.0
2820,1.0
2821,1.0
2822,1.0
2823,1.0
2824,1.0
2825,3.0
2826,6.0
2827,2.0
2828,27.0
2829,3.0
2830,19.0
2831,34.0
2832,1.0
2833,13.0
2834,1.0
2835,10.0
2836,12.0
2837,1.0
2838,1.0
2839,3.0
2840,1.0
2841,1.0
2842,1.0
2843,714.0
2844,3.0
2845,3.0
2846,1.0
2847,1.0
2848,24.0
2849,2.0
2850,1.0
2851,4.0
2852,5.0
2853,1.0
2854,1.0
2855,2.0
2856,26.0
2857,19.0
2858,1.0
2859,1.0
2860,4.0
2861,1.0
2862,4.0
2863,2.0
2864,1.0
2865,1.0
2866,1.0
2867,1.0
2868,3940.0
2869,1.0
2870,1.0
2871,4.0
2872,1.0
2873,4.0
2874,9.0
2875,3.0
2876,2.0
2877,1.0
2878,11.0
2879,1.0
2880,1.0
2881,1.0
2882,4.0
2883,1.0
2884,2.0
2885,1.0
2886,53.0
2887,4005.0
2888,1.0
2889,1.0
2890,1.0
2891,1.0
2892,14351.0
2893,13.0
2894,33.0
2895,1.0
2896,2425.0
2897,1.0
2898,1.0
2899,1.0
2900,1.0
2901,6872.0
2902,71.0
2903,3.0
2904,1.0
2905,1.0
2906,1.0
2907,1.0
2908,1.0
2909,11.0
2910,2.0
2911,2.0
2912,19171.0
2913,49.0
2914,2.0
2915,17.0
2916,4.0
2917,1.0
2918,1.0
2919,48639.0
2920,1.0
2921,6.0
2922,1.0
2923,2.0
2924,1497349.0
2925,2.0
2926,2.0
2927,1.0
2928,1.0
2929,1.0
2930,1.0
2931,2.0
2932,1.0
2933,3.0
2934,2.0
2935,5.0
2936,1.0
2937,1.0
2938,29.0
2939,11.0
2940,1.0
2941,1.0
2942,5.0
2943,4.0
2944,4.0
2945,24.0
2946,1.0
2947,2.0
2948,5.0
2949,2.0
2950,2.0
2951,1.0
2952,2.0
2953,1.0
2954,3.0
2955,1.0
2956,2.0
2957,15.0
2958,4.0
2959,1.0
2960,1.0
2961,3.0
2962,11.0
2963,22.0
2964,2578.0
2965,1.0
2966,162.0
2967,2.0
2968,1.0
2969,1.0
2970,3.0
2971,2.0
2972,8.0
2973,2.0
2974,2.0
2975,3.0
2976,1.0
2977,1.0
2978,1.0
2979,1.0
2980,8.0
2981,1.0
2982,1.0
2983,1.0
2984,1.0
2985,11.0
2986,78.0
2987,1.0
2988,2.0
2989,1.0
2990,32.0
2991,1.0
2992,2.0
2993,2.0
2994,1.0
2995,4.0
2996,1.0
2997,2.0
2998,1.0
2999,9972.0
3000,24.0
3001,8.0
3002,1.0
3003,8.0
3004,1.0
3005,265.0
3006,1.0
3007,133052.0
3008,1.0
3009,2.0
3010,18.0
3011,1.0
3012,1.0
3013,5.0
3014,11.0
3015,7.0
3016,471.0
3017,1.0
3018,3.0
3019,1.0
3020,2.0
3021,10.0
3022,14.0
3023,18.0
3024,3.0
3025,1.0
3026,1.0
3027,2.0
3028,2.0
3029,1.0
3030,7.0
3031,1.0
3032,1.0
3033,1.0
3034,341.0
3035,34.0
3036,10.0
3037,1.0
3038,24221.0
3039,1.0
3040,1.0
3041,1.0
3042,2.0
3043,1.0
3044,5.0
3045,5.0
3046,133052.0
3047,1.0
3048,1.0
3049,1.0
3050,34.0
3051,1.0
3052,1.0
3053,1.0
3054,7.0
3055,2.0
3056,2.0
3057,24221.0
3058,7.0
3059,1.0
3060,1.0
3061,1.0
3062,55.0
3063,8.0
3064,1.0
3065,1.0
3066,1.0
3067,4.0
3068,6.0
3069,1.0
3070,2.0
3071,2.0
3072,1.0
3073,1.0
3074,3.0
3075,152.0
3076,48.0
3077,313.0
3078,1.0
3079,2.0
3080,1.0
3081,7.0
3082,86.0
3083,1.0
3084,1.0
3085,1.0
3086,1.0
3087,18.0
3088,125.0
3089,1.0
3090,14.0
3091,39.0
3092,1.0
3093,1.0
3094,1.0
3095,1.0
3096,34.0
3097,45.0
3098,2.0
3099,63.0
3100,1.0
3101,2.0
3102,1.0
3103,6268.0
3104,6.0
3105,6.0
3106,32.0
3107,2045.0
3108,5.0
3109,103.0
3110,2.0
3111,1.0
3112,20.0
3113,6.0
3114,144.0
3115,18.0
3116,9.0
3117,2.0
3118,1.0
3119,2.0
3120,862.0
3121,1.0
3122,1.0
3123,1754.0
3124,2.0
3125,1.0
3126,8.0
3127,876.0
3128,6.0
3129,43534.0
3130,2.0
3131,1.0
3132,1.0
3133,1.0
3134,1.0
3135,1.0
3136,2.0
3137,1.0
3138,3.0
3139,1.0
3140,22.0
3141,22.0
3142,3.0
3143,1.0
3144,2.0
3145,1.0
3146,2.0
3147,1.0
3148,1.0
3149,2.0
3150,1.0
3151,1.0
3152,7.0
3153,1.0
3154,3.0
3155,1.0
3156,1.0
3157,6.0
3158,29.0
3159,1.0
3160,1.0
3161,6.0
3162,6.0
3163,3.0
3164,1.0
3165,1.0
3166,1.0
3167,1.0
3168,4.0
3169,1.0
3170,48.0
3171,7.0
3172,3.0
3173,4.0
3174,26.0
3175,79.0
3176,2.0
3177,4855.0
3178,7.0
3179,1.0
3180,1.0
3181,7.0
3182,1.0
3183,1.0
3184,2.0
3185,4951.0
3186,1.0
3187,4005.0
3188,2.0
3189,1.0
3190,1.0
3191,3.0
3192,107.0
3193,2.0
3194,10.0
3195,1.0
3196,2.0
3197,1.0
3198,2.0
3199,2.0
3200,3.0
3201,12.0
3202,1.0
3203,1.0
3204,3.0
3205,1.0
3206,26.0
3207,1.0
3208,1.0
3209,1.0
3210,2.0
3211,2.0
3212,4.0
3213,3.0
3214,2.0
3215,4.0
3216,1.0
3217,200.0
3218,17183.0
3219,1.0
3220,1.0
3221,14.0
3222,1.0
3223,3.0
3224,1.0
3225,1.0
3226,14.0
3227,1.0
3228,1.0
3229,3.0
3230,74.0
3231,6.0
3232,1.0
3233,1.0
3234,8.0
3235,1.0
3236,2.0
3237,1.0
3238,2.0
3239,6.0
3240,3.0
3241,1.0
3242,1.0
3243,2.0
3244,11.0
3245,55663.0
3246,3.0
3247,2.0
3248,74.0
3249,2.0
3250,4.0
3251,12567.0
3252,1.0
3253,1.0
3254,1.0
3255,3947.0
3256,8.0
3257,1.0
3258,1.0
3259,1.0
3260,12.0
3261,1.0
3262,1.0
3263,2.0
3264,2.0
3265,2.0
3266,4.0
3267,6.0
3268,1.0
3269,1.0
3270,1.0
3271,3.0
3272,2.0
3273,1.0
3274,1.0
3275,10.0
3276,1.0
3277,1.0
3278,1.0
3279,1.0
3280,2.0
3281,2.0
3282,1.0
3283,1.0
3284,18.0
3285,1.0
3286,1.0
3287,4.0
3288,3.0
3289,2.0
3290,4.0
3291,1.0
3292,2.0
3293,2.0
3294,24650.0
3295,1.0
3296,1.0
3297,1.0
3298,1.0
3299,3.0
3300,1.0
3301,1.0
3302,2.0
3303,1.0
3304,2.0
3305,1.0
3306,5.0
3307,7.0
3308,5687.0
3309,1.0
3310,1.0
3311,1.0
3312,4005.0
3313,2.0
3314,12.0
3315,1.0
3316,1.0
3317,22.0
3318,2.0
3319,5.0
3320,9936.0
3321,1.0
3322,4.0
3323,1.0
3324,10.0
3325,1.0
3326,2.0
3327,1.0
3328,12.0
3329,1.0
3330,3.0
3331,1.0
3332,3.0
3333,2.0
3334,1.0
3335,2.0
3336,1.0
3337,1.0
3338,3008.0
3339,2.0
3340,1.0
3341,1.0
3342,1.0
3343,1.0
3344,1.0
3345,4.0
3346,2.0
3347,32.0
3348,1.0
3349,1.0
3350,1.0
3351,1.0
3352,1.0
3353,1.0
3354,4329.0
3355,14350.0
3356,28.0
3357,13.0
3358,2.0
3359,10.0
3360,1.0
3361,1.0
3362,1.0
3363,1.0
3364,1.0
3365,6.0
3366,1.0
3367,1.0
3368,2.0
3369,53.0
3370,1.0
3371,1.0
3372,3.0
3373,1.0
3374,3.0
3375,1.0
3376,5.0
3377,1.0
3378,1.0
3379,1.0
3380,1.0
3381,6.0
3382,1.0
3383,2.0
3384,3.0
3385,2.0
3386,3.0
3387,2.0
3388,30.0
3389,1.0
3390,13.0
3391,1.0
3392,1.0
3393,5.0
3394,2.0
3395,1.0
3396,5.0
3397,58.0
3398,2.0
3399,2.0
3400,69.0
3401,10.0
3402,1.0
3403,1.0
3404,2.0
3405,1.0
3406,2.0
3407,4.0
3408,1.0
3409,2.0
3410,1.0
3411,22.0
3412,145.0
3413,32.0
3414,2.0
3415,6.0
3416,1.0
3417,1.0
3418,107030.0
3419,15.0
3420,16.0
3421,2.0
3422,3.0
3423,1.0
3424,48626.0
3425,20.0
3426,5.0
3427,1.0
3428,6.0
3429,3.0
3430,1246.0
3431,2578.0
3432,24.0
3433,3.0
3434,15.0
3435,1.0
3436,7.0
3437,2.0
3438,10.0
3439,2.0
3440,3.0
3441,9.0
3442,1.0
3443,38.0
3444,1.0
3445,1.0
3446,5.0
3447,704516.0
3448,1.0
3449,4.0
3450,4.0
3451,64985.0
3452,1.0
3453,1.0
3454,1.0
3455,1.0
3456,1.0
3457,1.0
3458,1.0
3459,1.0
3460,1.0
3461,5.0
3462,2.0
3463,2.0
3464,1.0
3465,1.0
3466,3.0
3467,4.0
3468,1.0
3469,11.0
3470,1.0
3471,16.0
3472,2.0
3473,7.0
3474,1.0
3475,5.0
3476,5.0
3477,2.0
3478,10.0
3479,5.0
3480,1.0
3481,1583846.0
3482,9312.0
3483,1.0
3484,1.0
3485,1.0
3486,5.0
3487,2.0
3488,10.0
3489,1.0
3490,1.0
3491,1.0
3492,1.0
3493,2.0
3494,4.0
3495,26.0
3496,5.0
3497,1.0
3498,1.0
3499,124.0
3500,1.0
3501,1.0
3502,4.0
3503,1.0
3504,30.0
3505,1.0
3506,5.0
3507,1.0
3508,3.0
3509,1.0
3510,1.0
3511,1.0
3512,12249.0
3513,1.0
3514,1.0
3515,17655.0
3516,38264.0
3517,1.0
3518,2.0
3519,1.0
3520,3.0
3521,2.0
3522,1.0
3523,1.0
3524,1.0
3525,25.0
3526,1.0
3527,1.0
3528,7.0
3529,431.0
3530,25.0
3531,1.0
3532,5.0
3533,1.0
3534,2.0
3535,2.0
3536,2.0
3537,3.0
3538,3.0
3539,70069.0
3540,1.0
3541,8114.0
3542,3.0
3543,1.0
3544,1.0
3545,1.0
3546,2.0
3547,9.0
3548,9.0
3549,4.0
3550,1.0
3551,228.0
3552,9.0
3553,8.0
3554,15.0
3555,5.0
3556,11.0
3557,1.0
3558,6.0
3559,1.0
3560,4.0
3561,3105.0
3562,1.0
3563,1.0
3564,359.0
3565,1.0
3566,1.0
3567,2965.0
3568,12.0
3569,1.0
3570,2.0
3571,1.0
3572,1.0
3573,9.0
3574,1.0
3575,2.0
3576,1.0
3577,1.0
3578,11.0
3579,2.0
3580,1.0
3581,1.0
3582,2.0
3583,1.0
3584,1.0
3585,4.0
3586,16.0
3587,1.0
3588,1.0
3589,30.0
3590,6.0
3591,53.0
3592,22040.0
3593,1.0
3594,2.0
3595,1.0
3596,1.0
3597,1.0
3598,1.0
3599,3.0
3600,9936.0
3601,8.0
3602,16.0
3603,16.0
3604,55.0
3605,9.0
3606,8.0
3607,8.0
3608,3.0
3609,9.0
3610,1.0
3611,4.0
3612,1.0
3613,2.0
3614,1.0
3615,3.0
3616,1.0
3617,8.0
3618,22.0
3619,4.0
3620,1.0
3621,1.0
3622,7.0
3623,1.0
3624,1.0
3625,3.0
3626,2.0
3627,1.0
3628,1.0
3629,1.0
3630,25.0
3631,1.0
3632,1.0
3633,1.0
3634,1.0
3635,31.0
3636,1.0
3637,1.0
3638,2.0
3639,16.0
3640,3.0
3641,6.0
3642,1.0
3643,3.0
3644,3.0
3645,1.0
3646,1.0
3647,5.0
3648,2.0
3649,1.0
3650,1.0
3651,107.0
3652,1.0
3653,1.0
3654,2.0
3655,2.0
3656,6.0
3657,1.0
3658,2.0
3659,1.0
3660,24.0
3661,3.0
3662,1.0
3663,9.0
3664,62.0
3665,1.0
3666,3.0
3667,2.0
3668,5.0
3669,3.0
3670,2.0
3671,1176.0
3672,1.0
3673,1.0
3674,2.0
3675,1.0
3676,13.0
3677,10.0
3678,33.0
3679,2.0
3680,6.0
3681,4.0
3682,1.0
3683,1.0
3684,1.0
3685,4.0
3686,7.0
3687,4.0
3688,149.0
3689,1.0
3690,1.0
3691,2.0
3692,1.0
3693,8.0
3694,1.0
3695,3.0
3696,1.0
3697,5.0
3698,1.0
3699,11.0
3700,8.0
3701,8.0
3702,15.0
3703,2.0
3704,1.0
3705,1.0
3706,2.0
3707,7.0
3708,1.0
3709,273.0
3710,1.0
3711,1.0
3712,1.0
3713,3.0
3714,2.0
3715,1.0
3716,133052.0
3717,837.0
3718,851.0
3719,1.0
3720,1.0
3721,2.0
3722,1.0
3723,21.0
3724,2.0
3725,3.0
3726,49.0
3727,2.0
3728,1.0
3729,1.0
3730,1.0
3731,1.0
3732,1.0
3733,1414.0
3734,11.0
3735,1.0
3736,1.0
3737,39.0
3738,1.0
3739,9.0
3740,1.0
3741,1.0
3742,2.0
3743,1.0
3744,3.0
3745,66.0
3746,2.0
3747,1.0
3748,14863.0
3749,1.0
3750,16.0
3751,18.0
3752,1.0
3753,1.0
3754,1.0
3755,1.0
3756,3.0
3757,20.0
3758,3.0
3759,2.0
3760,1.0
3761,10.0
3762,1.0
3763,11.0
3764,1.0
3765,5.0
3766,3.0
3767,6.0
3768,6.0
3769,1.0
3770,16299.0
3771,1.0
3772,1.0
3773,14.0
3774,1.0
3775,1.0
3776,359.0
3777,1.0
3778,8.0
3779,1.0
3780,3.0
3781,2.0
3782,1.0
3783,1.0
3784,4.0
3785,3.0
3786,2.0
3787,1.0
3788,200.0
3789,1.0
3790,1.0
3791,1.0
3792,1.0
3793,13.0
3794,2.0
3795,8.0
3796,1.0
3797,1.0
3798,95.0
3799,1.0
3800,47.0
3801,10.0
3802,86.0
3803,4.0
3804,1.0
3805,3.0
3806,3.0
3807,2.0
3808,2.0
3809,3.0
3810,2.0
3811,4.0
3812,2.0
3813,50157.0
3814,1.0
3815,8.0
3816,1.0
3817,3.0
3818,7221.0
3819,18.0
3820,1.0
3821,50.0
3822,103.0
3823,2.0
3824,3.0
3825,4.0
3826,5.0
3827,3.0
3828,6.0
3829,2.0
3830,9.0
3831,1.0
3832,6.0
3833,1.0
3834,228.0
3835,14.0
3836,1.0
3837,1.0
3838,1.0
3839,3.0
3840,1.0
3841,1.0
3842,1.0
3843,12.0
3844,1.0
3845,3.0
3846,19.0
3847,6.0
3848,1897.0
3849,2.0
3850,10.0
3851,2.0
3852,5.0
3853,2.0
3854,359.0
3855,12.0
3856,1.0
3857,1.0
3858,4.0
3859,5.0
3860,1.0
3861,1.0
3862,1.0
3863,1.0
3864,1.0
3865,1.0
3866,1.0
3867,3.0
3868,1.0
3869,1.0
3870,3.0
3871,1.0
3872,3.0
3873,1.0
3874,1.0
3875,1.0
3876,1.0
3877,1.0
3878,41.0
3879,1.0
3880,1.0
3881,1.0
3882,20947.0
3883,1.0
3884,30.0
3885,3.0
3886,4.0
3887,13.0
3888,1.0
3889,3218.0
3890,864.0
3891,2.0
3892,1.0
3893,9.0
3894,39.0
3895,1.0
3896,2.0
3897,876.0
3898,3.0
3899,1.0
3900,4.0
3901,1.0
3902,7465.0
3903,1.0
3904,1.0
3905,1.0
3906,10.0
3907,1.0
3908,1.0
3909,1.0
3910,9.0
3911,1.0
3912,1.0
3913,2.0
3914,7.0
3915,4.0
3916,1.0
3917,1.0
3918,1.0
3919,92955.0
3920,1.0
3921,2.0
3922,1.0
3923,2.0
3924,1.0
3925,1.0
3926,1.0
3927,16.0
3928,1.0
3929,5.0
3930,3.0
3931,1.0
3932,1.0
3933,51.0
3934,22.0
3935,1.0
3936,1.0
3937,1.0
3938,6.0
3939,1.0
3940,2.0
3941,3.0
3942,1.0
3943,1.0
3944,32.0
3945,3.0
3946,1.0
3947,39.0
3948,1.0
3949,1.0
3950,3.0
3951,1.0
3952,7.0
3953,1.0
3954,1.0
3955,1.0
3956,1.0
3957,1.0
3958,5.0
3959,1.0
3960,1.0
3961,149.0
3962,2.0
3963,2.0
3964,1.0
3965,9.0
3966,5.0
3967,1.0
3968,1.0
3969,2.0
3970,2.0
3971,1.0
3972,3.0
3973,5783.0
3974,34.0
3975,1.0
3976,5.0
3977,1.0
3978,3.0
3979,1.0
3980,5.0
3981,2.0
3982,5584.0
3983,2.0
3984,2.0
3985,1.0
3986,1.0
3987,1.0
3988,5.0
3989,1.0
3990,2.0
3991,2.0
3992,1.0
3993,1.0
3994,3.0
3995,10.0
3996,442.0
3997,6.0
3998,1.0
3999,2.0
4000,2.0
4001,2.0
4002,44.0
4003,1.0
4004,2.0
4005,1.0
4006,4.0
4007,1.0
4008,1.0
4009,1.0
4010,1.0
4011,1.0
4012,1.0
4013,1.0
4014,1.0
4015,985.0
4016,5.0
4017,1.0
4018,1.0
4019,1.0
4020,1.0
4021,5.0
4022,4.0
4023,1.0
4024,3.0
4025,359.0
4026,1.0
4027,1.0
4028,3.0
4029,372.0
4030,9.0
4031,1.0
4032,1.0
4033,1.0
4034,2.0
4035,78.0
4036,1.0
4037,1.0
4038,27.0
4039,1.0
4040,4.0
4041,6.0
4042,2.0
4043,1.0
4044,1.0
4045,2.0
4046,2.0
4047,1.0
4048,1.0
4049,22040.0
4050,5.0
4051,2.0
4052,3.0
4053,1.0
4054,1.0
4055,1.0
4056,11.0
4057,1.0
4058,2.0
4059,2.0
4060,2.0
4061,32.0
4062,9.0
4063,1.0
4064,3.0
4065,1.0
4066,3.0
4067,1.0
4068,4.0
4069,15.0
4070,1.0
4071,5.0
4072,2.0
4073,2.0
4074,1.0
4075,1.0
4076,5.0
4077,15.0
4078,1.0
4079,1.0
4080,1.0
4081,1.0
4082,1.0
4083,1.0
4084,16.0
4085,10.0
4086,48626.0
4087,1.0
4088,1.0
4089,3.0
4090,3.0
4091,9.0
4092,1.0
4093,1.0
4094,4.0
4095,1.0
4096,6195.0
4097,1.0
4098,3.0
4099,1.0
4100,1.0
4101,1.0
4102,9.0
4103,1.0
4104,9.0
4105,4.0
4106,1.0
4107,3.0
4108,33.0
4109,1.0
4110,3.0
4111,10.0
4112,8.0
4113,1.0
4114,2.0
4115,1.0
4116,16.0
4117,1.0
4118,1.0
4119,1.0
4120,3.0
4121,1.0
4122,1.0
4123,1.0
4124,1.0
4125,15.0
4126,95.0
4127,5.0
4128,1.0
4129,10.0
4130,4.0
4131,2.0
4132,1.0
4133,1.0
4134,2.0
4135,3.0
4136,25.0
4137,4.0
4138,12.0
4139,2.0
4140,4.0
4141,3.0
4142,24.0
4143,2.0
4144,1.0
4145,52.0
4146,2.0
4147,5.0
4148,6.0
4149,3.0
4150,6.0
4151,4.0
4152,32.0
4153,12.0
4154,2.0
4155,10.0
4156,1.0
4157,2.0
4158,74.0
4159,2.0
4160,4.0
4161,6.0
4162,31.0
4163,1.0
4164,1.0
4165,7.0
4166,10.0
4167,2.0
4168,3.0
4169,5.0
4170,3.0
4171,28.0
4172,1.0
4173,1.0
4174,4.0
4175,1.0
4176,1.0
4177,1.0
4178,1.0
4179,1.0
4180,2.0
4181,1.0
4182,3.0
4183,4.0
4184,3.0
4185,864.0
4186,2.0
4187,194.0
4188,1.0
4189,1.0
4190,2.0
4191,23.0
4192,4.0
4193,32.0
4194,1.0
4195,2.0
4196,1.0
4197,1.0
4198,40.0
4199,2.0
4200,5.0
4201,70069.0
4202,6.0
4203,2.0
4204,1.0
4205,2.0
4206,8.0
4207,2.0
4208,11.0
4209,1.0
4210,4.0
4211,1.0
4212,1.0
4213,1.0
4214,1.0
4215,1.0
4216,2.0
4217,39.0
4218,1.0
4219,149.0
4220,123201.0
4221,1.0
4222,2.0
4223,1.0
4224,3.0
4225,22040.0
4226,1.0
4227,2.0
4228,1.0
4229,1.0
4230,1.0
4231,15.0
4232,1.0
4233,1.0
4234,1.0
4235,1.0
4236,114499.0
4237,1.0
4238,1.0
4239,1.0
4240,7.0
4241,4.0
4242,1.0
4243,1.0
4244,33.0
4245,1.0
4246,78.0
4247,27.0
4248,4.0
4249,1.0
4250,1.0
4251,1.0
4252,22.0
4253,1.0
4254,687.0
4255,3.0
4256,3.0
4257,1.0
4258,2.0
4259,3.0
4260,2.0
4261,1.0
4262,2.0
4263,5.0
4264,1.0
4265,9.0
4266,1.0
4267,22.0
4268,2.0
4269,1.0
4270,2.0
4271,4.0
4272,30.0
4273,5.0
4274,6.0
4275,1.0
4276,1.0
4277,1.0
4278,1.0
4279,1.0
4280,3.0
4281,34.0
4282,1.0
4283,4.0
4284,1.0
4285,2.0
4286,1.0
4287,4.0
4288,14.0
4289,313.0
4290,16.0
4291,1.0
4292,1.0
4293,1.0
4294,1.0
4295,2.0
4296,3.0
4297,84.0
4298,1.0
4299,1.0
4300,8.0
4301,2.0
4302,8.0
4303,2.0
4304,1.0
4305,1.0
4306,2.0
4307,5.0
4308,1.0
4309,7678.0
4310,7.0
4311,1.0
4312,4.0
4313,6.0
4314,1.0
4315,2.0
4316,1.0
4317,6268.0
4318,1.0
4319,1.0
4320,1.0
4321,1.0
4322,1.0
4323,1.0
4324,2.0
4325,2.0
4326,1.0
4327,2.0
4328,372.0
4329,1.0
4330,4.0
4331,1.0
4332,3.0
4333,1.0
4334,1.0
4335,10.0
4336,1.0
4337,18.0
4338,2.0
4339,2.0
4340,1.0
4341,1.0
4342,3.0
4343,3.0
4344,10832.0
4345,2.0
4346,1.0
4347,1.0
4348,30.0
4349,1.0
4350,7.0
4351,1.0
4352,1.0
4353,1.0
4354,1.0
4355,1.0
4356,27.0
4357,2.0
4358,3.0
4359,1.0
4360,1.0
4361,5.0
4362,3.0
4363,2.0
4364,1.0
4365,1.0
4366,2578.0
4367,3.0
4368,1.0
4369,24.0
4370,1.0
4371,32.0
4372,1.0
4373,1.0
4374,4.0
4375,2.0
4376,377.0
4377,4.0
4378,2.0
4379,93.0
4380,1.0
4381,1.0
4382,8.0
4383,1.0
4384,144.0
4385,2154.0
4386,4.0
4387,1.0
4388,1.0
4389,24.0
4390,3.0
4391,1.0
4392,1.0
4393,1.0
4394,2.0
4395,1.0
4396,1.0
4397,43.0
4398,1.0
4399,3.0
4400,1.0
4401,8.0
4402,11.0
4403,84.0
4404,3.0
4405,1.0
4406,1.0
4407,3.0
4408,1.0
4409,11.0
4410,2.0
4411,5.0
4412,6.0
4413,1.0
4414,1.0
4415,1.0
4416,12.0
4417,607.0
4418,6.0
4419,44.0
4420,10.0
4421,1.0
4422,10.0
4423,9.0
4424,8.0
4425,6.0
4426,5.0
4427,1.0
4428,1.0
4429,1.0
4430,55.0
4431,3.0
4432,142.0
4433,1.0
4434,1.0
4435,1.0
4436,2.0
4437,9.0
4438,1.0
4439,1.0
4440,6.0
4441,1.0
4442,6330.0
4443,2707.0
4444,1.0
4445,11.0
4446,2.0
4447,1.0
4448,385.0
4449,20330.0
4450,1.0
4451,2.0
4452,1.0
4453,22.0
4454,2.0
4455,4.0
4456,54.0
4457,3.0
4458,1.0
4459,3.0
4460,49.0
4461,3.0
4462,1.0
4463,2.0
4464,1.0
4465,1.0
4466,8.0
4467,1.0
4468,4.0
4469,14.0
4470,1.0
4471,1.0
4472,2.0
4473,1.0
4474,1.0
4475,2.0
4476,1.0
4477,1.0
4478,7.0
4479,1.0
4480,1.0
4481,19.0
4482,1.0
4483,62.0
4484,1.0
4485,1.0
4486,2.0
4487,1.0
4488,322.0
4489,1.0
4490,1.0
4491,1.0
4492,1.0
4493,481.0
4494,3.0
4495,2.0
4496,23.0
4497,1.0
4498,2.0
4499,10.0
4500,1.0
4501,1.0
4502,1.0
4503,2.0
4504,8.0
4505,13.0
4506,1.0
4507,18.0
4508,1.0
4509,5.0
4510,2.0
4511,1.0
4512,1.0
4513,1.0
4514,9.0
4515,1.0
4516,1.0
4517,26.0
4518,5.0
4519,1.0
4520,1.0
4521,2.0
4522,25.0
4523,184.0
4524,14.0
4525,58635.0
4526,125.0
4527,1.0
4528,3.0
4529,2.0
4530,2.0
4531,1.0
4532,2.0
4533,1.0
4534,1.0
4535,95.0
4536,2.0
4537,5.0
4538,10.0
4539,1.0
4540,1.0
4541,2.0
4542,7.0
4543,4.0
4544,1.0
4545,1.0
4546,4.0
4547,1.0
4548,1.0
4549,313.0
4550,4.0
4551,1.0
4552,1.0
4553,4.0
4554,3.0
4555,1.0
4556,3.0
4557,1.0
4558,9.0
4559,1.0
4560,1.0
4561,11.0
4562,1.0
4563,2.0
4564,1.0
4565,1.0
4566,22.0
4567,2.0
4568,1.0
4569,3.0
4570,10.0
4571,9.0
4572,1.0
4573,7.0
4574,217.0
4575,2.0
4576,2.0
4577,3.0
4578,1.0
4579,1.0
4580,9.0
4581,1.0
4582,11.0
4583,4.0
4584,10.0
4585,3.0
4586,1.0
4587,144.0
4588,2.0
4589,22040.0
4590,2.0
4591,6.0
4592,1.0
4593,1.0
4594,1.0
4595,2.0
4596,1.0
4597,2.0
4598,1.0
4599,1.0
4600,2.0
4601,1.0
4602,65202.0
4603,2.0
4604,2.0
4605,1.0
4606,1.0
4607,7.0
4608,1.0
4609,1.0
4610,4.0
4611,1.0
4612,11.0
4613,1.0
4614,2.0
4615,4.0
4616,2.0
4617,12.0
4618,1.0
4619,33.0
4620,3.0
4621,1.0
4622,1.0
4623,2.0
4624,1.0
4625,1.0
4626,3.0
4627,1.0
4628,34.0
4629,1.0
4630,10.0
4631,3.0
4632,1.0
4633,5.0
4634,26.0
4635,2.0
4636,2.0
4637,2.0
4638,1.0
4639,1.0
4640,1.0
4641,21.0
4642,1.0
4643,1.0
4644,109.0
4645,3.0
4646,2.0
4647,3.0
4648,1.0
4649,3.0
4650,2.0
4651,36.0
4652,1.0
4653,176.0
4654,2.0
4655,1.0
4656,4.0
4657,20.0
4658,97.0
4659,2.0
4660,1.0
4661,2.0
4662,1.0
4663,4.0
4664,1.0
4665,6.0
4666,1.0
4667,1.0
4668,2.0
4669,1.0
4670,3008.0
4671,57.0
4672,3.0
4673,5.0
4674,6.0
4675,1.0
4676,2.0
4677,3.0
4678,2.0
4679,1.0
4680,1.0
4681,4.0
4682,1.0
4683,4.0
4684,1.0
4685,14.0
4686,34.0
4687,6.0
4688,1.0
4689,1.0
4690,3720.0
4691,2.0
4692,1648.0
4693,1.0
4694,1.0
4695,305.0
4696,2.0
4697,200.0
4698,1.0
4699,4.0
4700,2.0
4701,1.0
4702,3.0
4703,3.0
4704,2.0
4705,1.0
4706,1.0
4707,1.0
4708,3.0
4709,1.0
4710,31.0
4711,97.0
4712,1.0
4713,1.0
4714,2.0
4715,1.0
4716,1.0
4717,34.0
4718,1.0
4719,9.0
4720,3.0
4721,1.0
4722,3.0
4723,1.0
4724,4.0
4725,21.0
4726,2.0
4727,2.0
4728,7.0
4729,1.0
4730,4.0
4731,3.0
4732,1.0
4733,2.0
4734,1.0
4735,1.0
4736,3.0
4737,1.0
4738,1.0
4739,1.0
4740,2.0
4741,16.0
4742,1.0
4743,1.0
4744,1.0
4745,6.0
4746,1.0
4747,1.0
4748,3.0
4749,4.0
4750,1.0
4751,2.0
4752,1.0
4753,1.0
4754,1.0
4755,1.0
4756,3.0
4757,4.0
4758,1.0
4759,8.0
4760,1.0
4761,4.0
4762,2.0
4763,1.0
4764,2.0
4765,1.0
4766,103.0
4767,1.0
4768,9.0
4769,2287.0
4770,11.0
4771,1.0
4772,1176.0
4773,2.0
4774,1.0
4775,6.0
4776,5.0
4777,1.0
4778,2.0
4779,1.0
4780,1.0
4781,152.0
4782,10.0
4783,1.0
4784,4.0
4785,1.0
4786,54.0
4787,1.0
4788,1.0
4789,2.0
4790,2.0
4791,1.0
4792,1.0
4793,3.0
4794,2.0
4795,3.0
4796,2287.0
4797,1.0
4798,2.0
4799,1.0
4800,3.0
4801,3.0
4802,5.0
4803,2.0
4804,5.0
4805,1.0
4806,1.0
4807,1.0
4808,1.0
4809,1.0
4810,90.0
4811,1.0
4812,4.0
4813,1.0
4814,1.0
4815,1.0
4816,32.0
4817,22.0
4818,2.0
4819,876.0
4820,4642.0
4821,51.0
4822,5.0
4823,2324.0
4824,1.0
4825,20.0
4826,4.0
4827,1.0
4828,1.0
4829,1.0
4830,152.0
4831,1.0
4832,2.0
4833,5.0
4834,1.0
4835,4.0
4836,11.0
4837,1.0
4838,1.0
4839,1.0
4840,1.0
4841,7.0
4842,5.0
4843,1.0
4844,1.0
4845,4.0
4846,2.0
4847,1.0
4848,1.0
4849,3.0
4850,3.0
4851,1.0
4852,155.0
4853,3.0
4854,26.0
4855,1.0
4856,1.0
4857,1.0
4858,1.0
4859,1.0
4860,1.0
4861,1.0
4862,1.0
4863,1.0
4864,1.0
4865,13.0
4866,1.0
4867,1.0
4868,34.0
4869,1.0
4870,1.0
4871,97.0
4872,3.0
4873,1.0
4874,4.0
4875,11.0
4876,2.0
4877,6.0
4878,1.0
4879,1.0
4880,1.0
4881,7.0
4882,2.0
4883,1.0
4884,2.0
4885,1.0
4886,3.0
4887,2.0
4888,1.0
4889,1.0
4890,3.0
4891,1.0
4892,1.0
4893,2578.0
4894,2.0
4895,1.0
4896,1.0
4897,5.0
4898,1.0
4899,1.0
4900,1.0
4901,1.0
4902,53.0
4903,13.0
4904,162.0
4905,4.0
4906,17.0
4907,3.0
4908,1.0
4909,1.0
4910,2.0
4911,1.0
4912,1.0
4913,4.0
4914,1.0
4915,1.0
4916,3.0
4917,1.0
4918,31.0
4919,1.0
4920,5.0
4921,313.0
4922,11.0
4923,1.0
4924,2.0
4925,1.0
4926,6.0
4927,2.0
4928,1.0
4929,1.0
4930,2.0
4931,12.0
4932,1.0
4933,2.0
4934,1.0
4935,161.0
4936,4.0
4937,1.0
4938,2.0
4939,5.0
4940,1.0
4941,4.0
4942,5.0
4943,1.0
4944,1.0
4945,12.0
4946,4.0
4947,2.0
4948,1.0
4949,11.0
4950,12.0
4951,1.0
4952,1.0
4953,1.0
4954,2.0
4955,1.0
4956,4.0
4957,1.0
4958,2.0
4959,2.0
4960,1.0
4961,3.0
4962,3.0
4963,13.0
4964,1.0
4965,3.0
4966,7.0
4967,1.0
4968,2.0
4969,11.0
4970,6.0
4971,1.0
4972,1.0
4973,8.0
4974,2.0
4975,6.0
4976,1.0
4977,1.0
4978,1.0
4979,1.0
4980,1.0
4981,1.0
4982,1.0
4983,222.0
4984,21127.0
4985,2.0
4986,1.0
4987,1.0
4988,2.0
4989,1.0
4990,1.0
4991,1.0
4992,13.0
4993,2.0
4994,91.0
4995,1.0
4996,1.0
4997,3.0
4998,1.0
4999,1.0
5000,2.0
5001,8.0
5002,21.0
5003,3.0
5004,5.0
5005,1.0
5006,4.0
5007,3.0
5008,1.0
5009,3.0
5010,8.0
5011,6.0
5012,10.0
5013,1.0
5014,1.0
5015,1.0
5016,2.0
5017,1.0
5018,7.0
5019,5.0
5020,34.0
5021,4.0
5022,1.0
5023,2.0
5024,3.0
5025,12.0
5026,1.0
5027,125.0
5028,1.0
5029,1.0
5030,1.0
5031,1.0
5032,1.0
5033,1.0
5034,1.0
5035,18.0
5036,1.0
5037,4.0
5038,13.0
5039,1.0
5040,1.0
5041,1.0
5042,1.0
5043,1.0
5044,1.0
5045,7.0
5046,5.0
5047,1.0
5048,1.0
5049,2.0
5050,1.0
5051,33.0
5052,9936.0
5053,11.0
5054,2.0
5055,1.0
5056,1.0
5057,1.0
5058,3.0
5059,1.0
5060,2.0
5061,1.0
5062,1.0
5063,4.0
5064,255.0
5065,1.0
5066,1.0
5067,4.0
5068,1.0
5069,1.0
5070,178.0
5071,3891.0
5072,1.0
5073,1.0
5074,1.0
5075,41.0
5076,3.0
5077,3.0
5078,1.0
5079,3.0
5080,16.0
5081,6.0
5082,8.0
5083,125.0
5084,8.0
5085,152.0
5086,1.0
5087,13.0
5088,4.0
5089,2.0
5090,5.0
5091,1.0
5092,1.0
5093,2.0
5094,2.0
5095,3.0
5096,1.0
5097,2.0
5098,12.0
5099,4.0
5100,1.0
5101,7.0
5102,2.0
5103,1.0
5104,6.0
5105,4.0
5106,1.0
5107,2.0
5108,1.0
5109,1.0
5110,1.0
5111,2.0
5112,2.0
5113,1.0
5114,11.0
5115,2.0
5116,36682.0
5117,3.0
5118,1.0
5119,32.0
5120,1.0
5121,1.0
5122,2.0
5123,1.0
5124,3.0
5125,17.0
5126,4.0
5127,1.0
5128,28.0
5129,2.0
5130,1.0
5131,5.0
5132,4.0
5133,1.0
5134,24.0
5135,20.0
5136,1.0
5137,1.0
5138,1.0
5139,1.0
5140,5078.0
5141,2.0
5142,48626.0
5143,2.0
5144,1.0
5145,6.0
5146,59.0
5147,1.0
5148,1.0
5149,12.0
5150,1.0
5151,1.0
5152,1.0
5153,67540.0
5154,2.0
5155,1.0
5156,1.0
5157,1.0
5158,1.0
5159,2.0
5160,1497349.0
5161,1.0
5162,6.0
5163,2.0
5164,3.0
5165,1.0
5166,1.0
5167,1.0
5168,2.0
5169,7041.0
5170,1.0
5171,8.0
5172,1.0
5173,6.0
5174,2.0
5175,1.0
5176,1.0
5177,2.0
5178,2.0
5179,1.0
5180,1.0
5181,1.0
5182,415.0
5183,6.0
5184,1.0
5185,1.0
5186,1.0
5187,1.0
5188,2.0
5189,4.0
5190,1.0
5191,1.0
5192,1.0
5193,1.0
5194,876.0
5195,6.0
5196,1.0
5197,1.0
5198,1.0
5199,1.0
5200,6.0
5201,1.0
5202,11.0
5203,2.0
5204,2.0
5205,1.0
5206,2.0
5207,1.0
5208,1.0
5209,2.0
5210,1.0
5211,1.0
5212,3.0
5213,2.0
5214,2045.0
5215,4.0
5216,11.0
5217,2555.0
5218,249.0
5219,1.0
5220,1.0
5221,2.0
5222,1.0
5223,9.0
5224,4.0
5225,1.0
5226,1.0
5227,2.0
5228,1.0
5229,1.0
5230,4.0
5231,1.0
5232,2.0
5233,512.0
5234,1.0
5235,1.0
5236,1.0
5237,1.0
5238,2.0
5239,7.0
5240,1.0
5241,1.0
5242,1.0
5243,4.0
5244,4.0
5245,1.0
5246,38264.0
5247,1.0
5248,1.0
5249,1.0
5250,2.0
5251,1.0
5252,1.0
5253,1.0
5254,1.0
5255,8.0
5256,6.0
5257,1.0
5258,4.0
5259,8.0
5260,1.0
5261,1.0
5262,1.0
5263,1.0
5264,2.0
5265,1.0
5266,2425.0
5267,305.0
5268,2.0
5269,80.0
5270,3.0
5271,3.0
5272,1.0
5273,2.0
5274,1.0
5275,1.0
5276,9.0
5277,4.0
5278,1.0
5279,1.0
5280,607.0
5281,3.0
5282,2.0
5283,7.0
5284,2.0
5285,1.0
5286,1.0
5287,1.0
5288,1.0
5289,1.0
5290,1.0
5291,11.0
5292,12.0
5293,4.0
5294,2.0
5295,18.0
5296,1.0
5297,2.0
5298,9.0
5299,2.0
5300,6.0
5301,1.0
5302,2.0
5303,6.0
5304,4.0
5305,2.0
5306,92.0
5307,1.0
5308,1.0
5309,2.0
5310,15.0
5311,1.0
5312,1.0
5313,12.0
5314,1.0
5315,1.0
5316,1.0
5317,2.0
5318,2.0
5319,3.0
5320,1.0
5321,1.0
5322,4.0
5323,14350.0
5324,79.0
5325,3.0
5326,26142.0
5327,24.0
5328,33168.0
5329,1.0
5330,2.0
5331,80.0
5332,1.0
5333,1.0
5334,4.0
5335,2.0
5336,1.0
5337,3.0
5338,1.0
5339,3.0
5340,2.0
5341,2.0
5342,1.0
5343,1.0
5344,2.0
5345,1.0
5346,1.0
5347,1.0
5348,1.0
5349,1.0
5350,308.0
5351,3.0
5352,2.0
5353,1.0
5354,144.0
5355,1.0
5356,1.0
5357,3.0
5358,17.0
5359,10294.0
5360,1.0
5361,3095.0
5362,3.0
5363,10.0
5364,1.0
5365,25.0
5366,10.0
5367,1.0
5368,1.0
5369,1.0
5370,1.0
5371,9.0
5372,1.0
5373,5.0
5374,1.0
5375,2.0
5376,16.0
5377,3.0
5378,2.0
5379,36.0
5380,5.0
5381,4.0
5382,2.0
5383,2.0
5384,3.0
5385,3.0
5386,32.0
5387,5.0
5388,722.0
5389,1.0
5390,2.0
5391,1.0
5392,1.0
5393,1.0
5394,2.0
5395,1.0
5396,1.0
5397,2.0
5398,1.0
5399,14.0
5400,5.0
5401,1.0
5402,1.0
5403,362.0
5404,2.0
5405,2.0
5406,33.0
5407,1.0
5408,3.0
5409,5.0
5410,2.0
5411,3.0
5412,1.0
5413,3.0
5414,1.0
5415,8.0
5416,2.0
5417,1.0
5418,3.0
5419,6.0
5420,1.0
5421,3.0
5422,2.0
5423,1.0
5424,1.0
5425,1.0
5426,14.0
5427,1.0
5428,1.0
5429,1.0
5430,125.0
5431,12.0
5432,2.0
5433,110.0
5434,680.0
5435,1.0
5436,1.0
5437,1639.0
5438,1.0
5439,63.0
5440,2154.0
5441,160.0
5442,4.0
5443,10.0
5444,1.0
5445,4.0
5446,2.0
5447,5.0
5448,1.0
5449,17.0
5450,4.0
5451,1.0
5452,1.0
5453,36.0
5454,4.0
5455,17.0
5456,1.0
5457,20.0
5458,6.0
5459,4.0
5460,5.0
5461,4005.0
5462,21767.0
5463,1.0
5464,1.0
5465,1.0
5466,3.0
5467,8.0
5468,1.0
5469,1.0
5470,1.0
5471,4.0
5472,1.0
5473,1.0
5474,65202.0
5475,1.0
5476,1.0
5477,2.0
5478,1.0
5479,1.0
5480,33.0
5481,1.0
5482,1.0
5483,3.0
5484,6.0
5485,6.0
5486,5.0
5487,1.0
5488,2.0
5489,1.0
5490,18.0
5491,2.0
5492,2.0
5493,1.0
5494,6.0
5495,2.0
5496,2.0
5497,1.0
5498,1.0
5499,3.0
5500,4.0
5501,1.0
5502,1.0
5503,1.0
5504,1.0
5505,1.0
5506,1.0
5507,2.0
5508,5.0
5509,12249.0
5510,2.0
5511,1.0
5512,8.0
5513,1.0
5514,7.0
5515,5.0
5516,1.0
5517,1.0
5518,1.0
5519,20.0
5520,4.0
5521,53.0
5522,1.0
5523,2.0
5524,415.0
5525,20947.0
5526,1.0
5527,1.0
5528,2.0
5529,6.0
5530,18.0
5531,915.0
5532,1.0
5533,1.0
5534,1.0
5535,3.0
5536,28.0
5537,5783.0
5538,1.0
5539,1.0
5540,377.0
5541,1.0
5542,1.0
5543,4.0
5544,4.0
5545,1.0
5546,32.0
5547,1.0
5548,1.0
5549,190.0
5550,1.0
5551,3.0
5552,132.0
5553,2.0
5554,4.0
5555,70069.0
5556,5.0
5557,2.0
5558,4.0
5559,1.0
5560,1.0
5561,439.0
5562,12.0
5563,3.0
5564,17655.0
5565,1.0
5566,1.0
5567,44.0
5568,1.0
5569,2.0
5570,1.0
5571,1.0
5572,4.0
5573,8.0
5574,106.0
5575,3.0
5576,6.0
5577,5.0
5578,1.0
5579,7.0
5580,1.0
5581,3.0
5582,1.0
5583,2.0
5584,11.0
5585,1.0
5586,2.0
5587,1.0
5588,1.0
5589,1.0
5590,1.0
5591,1.0
5592,50.0
5593,2.0
5594,6090.0
5595,32.0
5596,4.0
5597,4.0
5598,1.0
5599,1.0
5600,1.0
5601,9.0
5602,1.0
5603,1.0
5604,14.0
5605,3.0
5606,8.0
5607,1.0
5608,3.0
5609,2.0
5610,1.0
5611,4.0
5612,1.0
5613,1.0
5614,8.0
5615,7.0
5616,1.0
5617,200.0
5618,30.0
5619,1.0
5620,1.0
5621,1.0
5622,55.0
5623,1.0
5624,1.0
5625,1.0
5626,4.0
5627,2.0
5628,6.0
5629,30.0
5630,24.0
5631,561.0
5632,313.0
5633,21.0
5634,3.0
5635,1.0
5636,1155.0
5637,5.0
5638,1.0
5639,2.0
5640,1.0
5641,4.0
5642,5.0
5643,64.0
5644,2.0
5645,1.0
5646,1.0
5647,2.0
5648,2.0
5649,4.0
5650,1.0
5651,124.0
5652,178.0
5653,1.0
5654,1.0
5655,2.0
5656,1.0
5657,1.0
5658,1.0
5659,26.0
5660,2.0
5661,12.0
5662,1.0
5663,1.0
5664,4.0
5665,1.0
5666,1.0
5667,1.0
5668,31.0
5669,1.0
5670,1.0
5671,1.0
5672,1.0
5673,1.0
5674,5.0
5675,1.0
5676,1.0
5677,1.0
5678,1.0
5679,1.0
5680,1.0
5681,1.0
5682,1.0
5683,1506.0
5684,1.0
5685,1.0
5686,114055.0
5687,1.0
5688,1.0
5689,1.0
5690,1.0
5691,12249.0
5692,2.0
5693,1.0
5694,1.0
5695,1.0
5696,2.0
5697,10.0
5698,2.0
5699,1.0
5700,2.0
5701,1.0
5702,1.0
5703,4.0
5704,1.0
5705,2.0
5706,12.0
5707,2.0
5708,1.0
5709,1.0
5710,1.0
5711,3.0
5712,1.0
5713,14.0
5714,5.0
5715,70069.0
5716,322.0
5717,1.0
5718,1.0
5719,1.0
5720,16.0
5721,2.0
5722,3.0
5723,1.0
5724,2.0
5725,27.0
5726,1.0
5727,1.0
5728,6.0
5729,2.0
5730,7.0
5731,1.0
5732,3.0
5733,4.0
5734,32.0
5735,1.0
5736,4.0
5737,2.0
5738,13.0
5739,1.0
5740,2.0
5741,1.0
5742,2.0
5743,1.0
5744,18095.0
5745,876.0
5746,1.0
5747,26.0
5748,1.0
5749,2.0
5750,1.0
5751,17537.0
5752,1.0
5753,6.0
5754,1.0
5755,1.0
5756,6.0
5757,3.0
5758,2.0
5759,3.0
5760,13.0
5761,1.0
5762,12.0
5763,1.0
5764,1.0
5765,3.0
5766,2.0
5767,1.0
5768,1.0
5769,7678.0
5770,36.0
5771,1.0
5772,2.0
5773,4.0
5774,1.0
5775,2.0
5776,22.0
5777,2.0
5778,1.0
5779,1.0
5780,1.0
5781,1.0
5782,3.0
5783,48.0
5784,3.0
5785,46.0
5786,1531.0
5787,1.0
5788,1.0
5789,10.0
5790,22040.0
5791,1.0
5792,1.0
5793,1.0
5794,95.0
5795,1.0
5796,2.0
5797,1.0
5798,14.0
5799,3.0
5800,1.0
5801,1.0
5802,18.0
5803,1.0
5804,1.0
5805,1.0
5806,4.0
5807,2.0
5808,4.0
5809,1.0
5810,1.0
5811,1.0
5812,2.0
5813,1.0
5814,8.0
5815,1.0
5816,338.0
5817,1.0
5818,1.0
5819,4.0
5820,1.0
5821,1.0
5822,1.0
5823,1.0
5824,2.0
5825,1.0
5826,4.0
5827,1.0
5828,1.0
5829,1.0
5830,1.0
5831,1.0
5832,1.0
5833,1.0
5834,1.0
5835,1.0
5836,3.0
5837,4.0
5838,3.0
5839,1.0
5840,10.0
5841,1.0
5842,55.0
5843,2.0
5844,3.0
5845,3.0
5846,5.0
5847,1.0
5848,50.0
5849,1.0
5850,17.0
5851,4.0
5852,11.0
5853,1.0
5854,68.0
5855,1.0
5856,1.0
5857,5.0
5858,14.0
5859,1.0
5860,1.0
5861,2.0
5862,1.0
5863,5.0
5864,1.0
5865,1.0
5866,1.0
5867,1.0
5868,1.0
5869,1.0
5870,1.0
5871,6.0
5872,1.0
5873,13.0
5874,1.0
5875,3.0
5876,1.0
5877,1.0
5878,8.0
5879,1.0
5880,1.0
5881,3.0
5882,3.0
5883,3.0
5884,1.0
5885,2.0
5886,1.0
5887,1.0
5888,141.0
5889,1.0
5890,2.0
5891,1.0
5892,2.0
5893,13.0
5894,5.0
5895,7.0
5896,2.0
5897,3.0
5898,1.0
5899,1.0
5900,2.0
5901,3.0
5902,30.0
5903,1.0
5904,2.0
5905,9.0
5906,2.0
5907,1.0
5908,30.0
5909,1.0
5910,5.0
5911,1.0
5912,1.0
5913,3.0
5914,2.0
5915,33.0
5916,1.0
5917,1.0
5918,4.0
5919,7.0
5920,3.0
5921,9.0
5922,1.0
5923,2.0
5924,4.0
5925,1.0
5926,19.0
5927,21.0
5928,1.0
5929,3.0
5930,13227.0
5931,7.0
5932,5.0
5933,21.0
5934,1.0
5935,1.0
5936,18.0
5937,4.0
5938,1.0
5939,1.0
5940,2.0
5941,65.0
5942,1.0
5943,1.0
5944,2.0
5945,2.0
5946,94992.0
5947,1.0
5948,1.0
5949,2.0
5950,57.0
5951,2.0
5952,2.0
5953,11.0
5954,16.0
5955,1.0
5956,1.0
5957,13.0
5958,1.0
5959,1.0
5960,11298.0
5961,1.0
5962,1.0
5963,3.0
5964,1.0
5965,1.0
5966,4.0
5967,3.0
5968,2.0
5969,1.0
5970,16.0
5971,3.0
5972,14350.0
5973,3.0
5974,1.0
5975,4.0
5976,4.0
5977,4.0
5978,32.0
5979,12.0
5980,1.0
5981,1.0
5982,42088.0
5983,2.0
5984,4.0
5985,453.0
5986,10.0
5987,1506.0
5988,2.0
5989,4.0
5990,1.0
5991,1.0
5992,1.0
5993,1.0
5994,25.0
5995,11.0
5996,2.0
5997,1.0
5998,4.0
5999,1.0
6000,4.0
6001,2.0
6002,3.0
6003,5783.0
6004,1.0
6005,1.0
6006,1.0
6007,1.0
6008,3.0
6009,1.0
6010,6.0
6011,1.0
6012,2.0
6013,6.0
6014,9.0
6015,3.0
6016,2.0
6017,1.0
6018,2.0
6019,1.0
6020,1.0
6021,21.0
6022,1.0
6023,9.0
6024,1.0
6025,1.0
6026,1.0
6027,1.0
6028,2.0
6029,1.0
6030,1.0
6031,1.0
6032,3.0
6033,1.0
6034,2.0
6035,1.0
6036,1.0
6037,2.0
6038,1.0
6039,5.0
6040,2.0
6041,1.0
6042,4.0
6043,4.0
6044,1.0
6045,1.0
6046,2.0
6047,1.0
6048,2877.0
6049,255.0
6050,1.0
6051,18.0
6052,20.0
6053,2.0
6054,6.0
6055,5.0
6056,1.0
6057,1.0
6058,4.0
6059,3.0
6060,2.0
6061,21375.0
6062,1.0
6063,1.0
6064,8207.0
6065,9.0
6066,1.0
6067,7.0
6068,1.0
6069,1.0
6070,1.0
6071,1.0
6072,1.0
6073,2.0
6074,1.0
6075,1.0
6076,1.0
6077,1.0
6078,16.0
6079,48626.0
6080,1.0
6081,1.0
6082,1.0
6083,1.0
6084,1.0
6085,12.0
6086,1.0
6087,2.0
6088,2.0
6089,1.0
6090,18.0
6091,1.0
6092,1.0
6093,7530.0
6094,1.0
6095,1.0
6096,1.0
6097,1.0
6098,1.0
6099,1.0
6100,3.0
6101,5.0
6102,1.0
6103,1.0
6104,1.0
6105,4.0
6106,6872.0
6107,2294.0
6108,10.0
6109,49.0
6110,1.0
6111,2.0
6112,1.0
6113,5.0
6114,1.0
6115,1.0
6116,5.0
6117,1734.0
6118,1.0
6119,4.0
6120,1.0
6121,1.0
6122,1.0
6123,1.0
6124,16.0
6125,1.0
6126,26.0
6127,1.0
6128,1.0
6129,1.0
6130,4.0
6131,1.0
6132,3687.0
6133,1.0
6134,3.0
6135,152.0
6136,3.0
6137,1.0
6138,1.0
6139,1.0
6140,2.0
6141,1.0
6142,275.0
6143,1.0
6144,1.0
6145,13.0
6146,1.0
6147,15.0
6148,2.0
6149,1.0
6150,34.0
6151,7.0
6152,1.0
6153,2.0
6154,1.0
6155,1.0
6156,2.0
6157,1.0
6158,34.0
6159,7.0
6160,1.0
6161,5.0
6162,1.0
6163,459.0
6164,40.0
6165,1.0
6166,1.0
6167,12249.0
6168,1.0
6169,1.0
6170,17537.0
6171,1.0
6172,11.0
6173,133052.0
6174,1164.0
6175,2.0
6176,3.0
6177,78.0
6178,3.0
6179,2.0
6180,1.0
6181,1.0
6182,731.0
6183,2.0
6184,7.0
6185,21.0
6186,1.0
6187,130501.0
6188,2.0
6189,11.0
6190,11.0
6191,1.0
6192,367.0
6193,12.0
6194,3.0
6195,1.0
6196,2.0
6197,1.0
6198,1.0
6199,1.0
6200,2.0
6201,2.0
6202,3.0
6203,74.0
6204,1.0
6205,3.0
6206,10.0
6207,2.0
6208,1.0
6209,1.0
6210,1.0
6211,1.0
6212,3.0
6213,3.0
6214,1.0
6215,2.0
6216,1.0
6217,21375.0
6218,1.0
6219,32.0
6220,43.0
6221,1.0
6222,4.0
6223,2.0
6224,2.0
6225,280.0
6226,1.0
6227,1.0
6228,16.0
6229,2.0
6230,1.0
6231,12.0
6232,10.0
6233,1.0
6234,2.0
6235,1.0
6236,8.0
6237,3151.0
6238,1.0
6239,1.0
6240,2.0
6241,3.0
6242,2.0
6243,1.0
6244,364.0
6245,1.0
6246,5.0
6247,2.0
6248,2.0
6249,3.0
6250,2.0
6251,1.0
6252,2.0
6253,4.0
6254,2.0
6255,46.0
6256,1.0
6257,2.0
6258,28.0
6259,876.0
6260,6509.0
6261,1.0
6262,6.0
6263,1.0
6264,1.0
6265,1.0
6266,2.0
6267,18.0
6268,1.0
6269,22.0
6270,1.0
6271,1.0
6272,1.0
6273,1.0
6274,1.0
6275,5.0
6276,1.0
6277,2.0
6278,2.0
6279,2.0
6280,4.0
6281,2.0
6282,21.0
6283,1.0
6284,2.0
6285,1.0
6286,1687.0
6287,19.0
6288,1.0
6289,1.0
6290,1.0
6291,1.0
6292,3.0
6293,1.0
6294,1.0
6295,121065.0
6296,4.0
6297,2.0
6298,1.0
6299,2.0
6300,34.0
6301,1.0
6302,1.0
6303,7.0
6304,1.0
6305,1.0
6306,2.0
6307,6.0
6308,64985.0
6309,1.0
6310,1.0
6311,160.0
6312,2.0
6313,22.0
6314,5.0
6315,1.0
6316,2.0
6317,33.0
6318,2.0
6319,1.0
6320,2.0
6321,1.0
6322,11.0
6323,4.0
6324,54363.0
6325,37.0
6326,3.0
6327,1.0
6328,1.0
6329,1.0
6330,1.0
6331,1.0
6332,19.0
6333,30.0
6334,72.0
6335,3801.0
6336,1.0
6337,10.0
6338,1.0
6339,2.0
6340,1.0
6341,1.0
6342,1.0
6343,2.0
6344,1.0
6345,1.0
6346,7.0
6347,1.0
6348,1.0
6349,2.0
6350,3.0
6351,1.0
6352,3.0
6353,7.0
6354,1.0
6355,1.0
6356,2.0
6357,5.0
6358,11.0
6359,2.0
6360,2.0
6361,1.0
6362,1.0
6363,5.0
6364,6.0
6365,2.0
6366,1.0
6367,1.0
6368,9596.0
6369,1.0
6370,1.0
6371,3720.0
6372,1.0
6373,86.0
6374,1.0
6375,1.0
6376,1.0
6377,4.0
6378,3129.0
6379,3.0
6380,1.0
6381,1.0
6382,1.0
6383,4.0
6384,1.0
6385,1.0
6386,2.0
6387,1.0
6388,1.0
6389,3.0
6390,1.0
6391,1.0
6392,1.0
6393,1.0
6394,2.0
6395,1.0
6396,2.0
6397,1.0
6398,1.0
6399,1.0
6400,2.0
6401,47.0
6402,3.0
6403,3.0
6404,3.0
6405,1.0
6406,1.0
6407,1.0
6408,1.0
6409,42.0
6410,1.0
6411,7.0
6412,4.0
6413,1.0
6414,13.0
6415,2.0
6416,20.0
6417,2.0
6418,2.0
6419,5.0
6420,5.0
6421,1.0
6422,809.0
6423,1.0
6424,1.0
6425,14.0
6426,1.0
6427,1.0
6428,12.0
6429,3.0
6430,789.0
6431,2.0
6432,5.0
6433,3.0
6434,2.0
6435,1.0
6436,1.0
6437,1.0
6438,2.0
6439,2.0
6440,1.0
6441,2.0
6442,1.0
6443,1.0
6444,8.0
6445,6.0
6446,1.0
6447,505.0
6448,1.0
6449,4.0
6450,1.0
6451,6.0
6452,4.0
6453,47.0
6454,1897.0
6455,1.0
6456,2.0
6457,1.0
6458,1.0
6459,1.0
6460,24.0
6461,2.0
6462,1.0
6463,3.0
6464,10.0
6465,5.0
6466,3.0
6467,1.0
6468,3.0
6469,13.0
6470,1.0
6471,2.0
6472,862.0
6473,1.0
6474,4.0
6475,91.0
6476,2.0
6477,7.0
6478,1.0
6479,2.0
6480,2.0
6481,2.0
6482,1.0
6483,3.0
6484,1.0
6485,2.0
6486,5.0
6487,1.0
6488,2.0
6489,27.0
6490,1.0
6491,1.0
6492,2.0
6493,1.0
6494,3.0
6495,723.0
6496,1.0
6497,4.0
6498,1.0
6499,3.0
6500,3.0
6501,225.0
6502,1.0
6503,1.0
6504,3.0
6505,1.0
6506,32.0
6507,1.0
6508,1.0
6509,1.0
6510,1.0
6511,6.0
6512,3.0
6513,1.0
6514,3.0
6515,1.0
6516,17.0
6517,1.0
6518,2.0
6519,6.0
6520,13549.0
6521,14351.0
6522,4.0
6523,322.0
6524,1.0
6525,87.0
6526,1.0
6527,3.0
6528,176.0
6529,5.0
6530,1.0
6531,2.0
6532,14.0
6533,6985.0
6534,3.0
6535,1.0
6536,2578.0
6537,18.0
6538,1.0
6539,2.0
6540,1.0
6541,5.0
6542,1.0
6543,1.0
6544,1.0
6545,2.0
6546,200.0
6547,1.0
6548,2.0
6549,13.0
6550,3.0
6551,5.0
6552,6.0
6553,18.0
6554,458.0
6555,1.0
6556,1.0
6557,21.0
6558,1.0
6559,4.0
6560,54.0
6561,1.0
6562,2.0
6563,1.0
6564,2.0
6565,36.0
6566,3.0
6567,1.0
6568,1.0
6569,1.0
6570,2.0
6571,913.0
6572,3.0
6573,1.0
6574,1.0
6575,17537.0
6576,2.0
6577,1.0
6578,3039.0
6579,9.0
6580,1.0
6581,4.0
6582,1.0
6583,7.0
6584,1.0
6585,3151.0
6586,1.0
6587,9.0
6588,14.0
6589,1.0
6590,18.0
6591,60204.0
6592,4.0
6593,1.0
6594,1.0
6595,1.0
6596,2.0
6597,1.0
6598,1.0
6599,1.0
6600,9.0
6601,4.0
6602,1.0
6603,1.0
6604,2.0
6605,25.0
6606,2.0
6607,4.0
6608,1.0
6609,2.0
6610,18.0
6611,158.0
6612,9972.0
6613,4651.0
6614,3218.0
6615,1.0
6616,1.0
6617,3.0
6618,1.0
6619,1.0
6620,70.0
6621,1.0
6622,5.0
6623,1.0
6624,27.0
6625,7.0
6626,1.0
6627,27.0
6628,6175.0
6629,1.0
6630,3.0
6631,25.0
6632,1.0
6633,1.0
6634,1.0
6635,2.0
6636,1.0
6637,5.0
6638,1.0
6639,2.0
6640,1.0
6641,1.0
6642,1.0
6643,2.0
6644,84.0
6645,1.0
6646,1.0
6647,1.0
6648,1.0
6649,1.0
6650,45.0
6651,1.0
6652,1.0
6653,3151.0
6654,1.0
6655,1.0
6656,1.0
6657,129.0
6658,2.0
6659,3.0
6660,1.0
6661,32461.0
6662,3.0
6663,1.0
6664,107.0
6665,1.0
6666,1.0
6667,6.0
6668,5.0
6669,4.0
6670,1.0
6671,1.0
6672,1.0
6673,1.0
6674,20.0
6675,1.0
6676,50157.0
6677,17.0
6678,3.0
6679,18.0
6680,2.0
6681,876.0
6682,91.0
6683,1.0
6684,2154.0
6685,1.0
6686,3.0
6687,11.0
6688,8.0
6689,1.0
6690,3.0
6691,18782.0
6692,2.0
6693,1.0
6694,1.0
6695,5.0
6696,2.0
6697,1.0
6698,4.0
6699,5.0
6700,2.0
6701,1.0
6702,4.0
6703,10.0
6704,1.0
6705,3.0
6706,2.0
6707,1.0
6708,3.0
6709,1.0
6710,87.0
6711,9.0
6712,14.0
6713,12.0
6714,1.0
6715,207712.0
6716,1.0
6717,1.0
6718,2.0
6719,2.0
6720,336.0
6721,1.0
6722,7.0
6723,17.0
6724,1.0
6725,1.0
6726,2.0
6727,4.0
6728,2.0
6729,1.0
6730,9.0
6731,1.0
6732,2.0
6733,1.0
6734,1.0
6735,1.0
6736,1.0
6737,1.0
6738,1.0
6739,4.0
6740,3.0
6741,152.0
6742,1.0
6743,2.0
6744,1.0
6745,1.0
6746,2.0
6747,1.0
6748,10651.0
6749,1.0
6750,3.0
6751,1.0
6752,4.0
6753,292.0
6754,13.0
6755,7.0
6756,1.0
6757,1.0
6758,1.0
6759,17183.0
6760,1.0
6761,1.0
6762,1.0
6763,10488.0
6764,2.0
6765,12.0
6766,1.0
6767,55.0
6768,1.0
6769,18.0
6770,3.0
6771,1.0
6772,10.0
6773,1.0
6774,2.0
6775,5478.0
6776,1.0
6777,12.0
6778,2.0
6779,1.0
6780,2.0
6781,1.0
6782,1.0
6783,4.0
6784,1.0
6785,876.0
6786,2.0
6787,1.0
6788,1.0
6789,1.0
6790,124.0
6791,1.0
6792,4486.0
6793,200.0
6794,1.0
6795,2.0
6796,1.0
6797,1.0
6798,11.0
6799,11.0
6800,12.0
6801,607.0
6802,1.0
6803,1.0
6804,6.0
6805,1.0
6806,1.0
6807,2.0
6808,3.0
6809,3.0
6810,41.0
6811,1.0
6812,2.0
6813,1.0
6814,2.0
6815,2.0
6816,1.0
6817,3.0
6818,1.0
6819,1.0
6820,1.0
6821,2.0
6822,1.0
6823,10746.0
6824,1.0
6825,1.0
6826,1.0
6827,2.0
6828,120.0
6829,1.0
6830,4.0
6831,2.0
6832,4.0
6833,1.0
6834,12.0
6835,1.0
6836,4.0
6837,1.0
6838,49.0
6839,1.0
6840,36682.0
6841,2.0
6842,1.0
6843,1.0
6844,1.0
6845,1.0
6846,3.0
6847,1.0
6848,2.0
6849,2.0
6850,2.0
6851,1.0
6852,257.0
6853,1.0
6854,1.0
6855,3.0
6856,3.0
6857,4.0
6858,1.0
6859,1.0
6860,2.0
6861,1.0
6862,38.0
6863,1.0
6864,1.0
6865,1.0
6866,7.0
6867,1.0
6868,3.0
6869,10.0
6870,1.0
6871,6.0
6872,3.0
6873,3.0
6874,3.0
6875,3.0
6876,1.0
6877,1.0
6878,1.0
6879,2.0
6880,2.0
6881,1.0
6882,1.0
6883,1.0
6884,3.0
6885,2.0
6886,1.0
6887,1.0
6888,1.0
6889,15.0
6890,3.0
6891,1.0
6892,1.0
6893,7.0
6894,2.0
6895,11.0
6896,1.0
6897,1.0
6898,3.0
6899,3.0
6900,1.0
6901,2.0
6902,9.0
6903,1.0
6904,1.0
6905,2.0
6906,1.0
6907,1.0
6908,1.0
6909,7.0
6910,4.0
6911,1.0
6912,1.0
6913,2.0
6914,1.0
6915,1.0
6916,1.0
6917,27.0
6918,1.0
6919,1.0
6920,2.0
6921,1.0
6922,55.0
6923,8.0
6924,11.0
6925,20.0
6926,1.0
6927,2.0
6928,8.0
6929,10.0
6930,1.0
6931,1.0
6932,2.0
6933,1.0
6934,1.0
6935,1.0
6936,4.0
6937,18.0
6938,1.0
6939,1.0
6940,1.0
6941,2.0
6942,1.0
6943,2.0
6944,3.0
6945,1.0
6946,12.0
6947,16.0
6948,1.0
6949,1.0
6950,1.0
6951,7.0
6952,367.0
6953,3.0
6954,3.0
6955,1.0
6956,1.0
6957,3.0
6958,25414.0
6959,3.0
6960,2.0
6961,13.0
6962,25.0
6963,1.0
6964,1.0
6965,1.0
6966,50157.0
6967,1.0
6968,131.0
6969,1.0
6970,3.0
6971,9.0
6972,1.0
6973,1.0
6974,1.0
6975,1.0
6976,213.0
6977,11.0
6978,17183.0
6979,3.0
6980,4.0
6981,3.0
6982,16.0
6983,1.0
6984,2.0
6985,1.0
6986,1.0
6987,1.0
6988,1.0
6989,33.0
6990,22040.0
6991,1.0
6992,5.0
6993,18.0
6994,1.0
6995,1.0
6996,11.0
6997,1.0
6998,1.0
6999,2.0
7000,5.0
7001,1.0
7002,1.0
7003,5.0
7004,1.0
7005,851.0
7006,1.0
7007,1.0
7008,1.0
7009,4.0
7010,1.0
7011,149.0
7012,49.0
7013,1.0
7014,3.0
7015,13.0
7016,1.0
7017,2.0
7018,1.0
7019,1.0
7020,837.0
7021,2.0
7022,1.0
7023,1.0
7024,1.0
7025,6.0
7026,1.0
7027,7.0
7028,3.0
7029,2.0
7030,1.0
7031,1.0
7032,1.0
7033,1.0
7034,3.0
7035,2.0
7036,1.0
7037,1.0
7038,7.0
7039,2.0
7040,1.0
7041,1.0
7042,103.0
7043,9.0
7044,8.0
7045,4.0
7046,3.0
7047,5.0
7048,1.0
7049,1.0
7050,123.0
7051,1.0
7052,2.0
7053,1.0
7054,3.0
7055,2.0
7056,1.0
7057,11.0
7058,1.0
7059,4.0
7060,196.0
7061,5.0
7062,1.0
7063,8.0
7064,3.0
7065,2.0
7066,1.0
7067,8.0
7068,54.0
7069,1.0
7070,6.0
7071,2.0
7072,9.0
7073,11.0
7074,1.0
7075,114499.0
7076,1.0
7077,2.0
7078,4.0
7079,11.0
7080,18.0
7081,1.0
7082,10.0
7083,3.0
7084,1.0
7085,1.0
7086,5.0
7087,1.0
7088,10997.0
7089,2.0
7090,9.0
7091,3.0
7092,2.0
7093,1.0
7094,2.0
7095,3.0
7096,11.0
7097,1.0
7098,1.0
7099,1.0
7100,1.0
7101,1.0
7102,1.0
7103,864.0
7104,1.0
7105,133052.0
7106,3.0
7107,34.0
7108,1.0
7109,2.0
7110,1.0
7111,1.0
7112,30.0
7113,1.0
7114,1.0
7115,8.0
7116,1.0
7117,1.0
7118,14351.0
7119,2.0
7120,1.0
7121,1.0
7122,1.0
7123,2.0
7124,26.0
7125,2.0
7126,2.0
7127,1.0
7128,3.0
7129,1.0
7130,2.0
7131,1.0
7132,1.0
7133,167.0
7134,1.0
7135,3.0
7136,4.0
7137,31.0
7138,1.0
7139,1.0
7140,1.0
7141,2722.0
7142,11.0
7143,62.0
7144,8.0
7145,1.0
7146,5.0
7147,1.0
7148,1.0
7149,1.0
7150,11.0
7151,6872.0
7152,8.0
7153,14.0
7154,1.0
7155,132.0
7156,18.0
7157,75.0
7158,2.0
7159,1.0
7160,1.0
7161,1.0
7162,1.0
7163,12.0
7164,5.0
7165,30.0
7166,1.0
7167,1.0
7168,1.0
7169,1.0
7170,2.0
7171,1.0
7172,6.0
7173,4.0
7174,2.0
7175,2.0
7176,3.0
7177,2.0
7178,265.0
7179,1.0
7180,1.0
7181,4.0
7182,2.0
7183,2.0
7184,1.0
7185,1.0
7186,1.0
7187,1.0
7188,359.0
7189,1.0
7190,1.0
7191,1.0
7192,1.0
7193,1.0
7194,1.0
7195,3.0
7196,2.0
7197,2.0
7198,1.0
7199,10.0
7200,5.0
7201,1.0
7202,6.0
7203,5.0
7204,1.0
7205,21.0
7206,2.0
7207,1.0
7208,1.0
7209,1.0
7210,1.0
7211,1.0
7212,1.0
7213,1.0
7214,26.0
7215,1.0
7216,3.0
7217,146.0
7218,1.0
7219,3.0
7220,1.0
7221,1.0
7222,1.0
7223,3.0
7224,5.0
7225,5.0
7226,1.0
7227,1.0
7228,1.0
7229,65202.0
7230,2.0
7231,7.0
7232,2.0
7233,1.0
7234,1.0
7235,3.0
7236,37185.0
7237,8.0
7238,1.0
7239,1.0
7240,1.0
7241,2.0
7242,4.0
7243,8.0
7244,4.0
7245,4.0
7246,1.0
7247,1.0
7248,1.0
7249,3.0
7250,1.0
7251,505.0
7252,12.0
7253,1.0
7254,1.0
7255,3.0
7256,2.0
7257,7.0
7258,3.0
7259,3.0
7260,1.0
7261,5.0
7262,1.0
7263,3.0
7264,22.0
7265,1.0
7266,2.0
7267,2.0
7268,2.0
7269,5.0
7270,6.0
7271,31229.0
7272,12.0
7273,308.0
7274,1.0
7275,2.0
7276,68.0
7277,5.0
7278,3.0
7279,16.0
7280,1.0
7281,1.0
7282,4.0
7283,1.0
7284,26.0
7285,1.0
7286,1.0
7287,1.0
7288,35.0
7289,1.0
7290,10.0
7291,1.0
7292,2.0
7293,3218.0
7294,6.0
7295,1.0
7296,8.0
7297,1.0
7298,4.0
7299,1.0
7300,1.0
7301,1.0
7302,1.0
7303,5.0
7304,1.0
7305,5.0
7306,1.0
7307,1.0
7308,124.0
7309,1.0
7310,6.0
7311,1.0
7312,1.0
7313,1.0
7314,1.0
7315,1.0
7316,7.0
7317,4.0
7318,1.0
7319,1.0
7320,1.0
7321,18.0
7322,1.0
7323,4.0
7324,76.0
7325,11.0
7326,1.0
7327,1.0
7328,4.0
7329,2.0
7330,1.0
7331,2.0
7332,38264.0
7333,3.0
7334,4.0
7335,561.0
7336,1.0
7337,2.0
7338,1.0
7339,1.0
7340,1.0
7341,1.0
7342,1.0
7343,1.0
7344,117.0
7345,2.0
7346,11.0
7347,2.0
7348,4.0
7349,1.0
7350,62.0
7351,1.0
7352,71.0
7353,13.0
7354,1.0
7355,2.0
7356,1.0
7357,13.0
7358,1.0
7359,1.0
7360,2.0
7361,4.0
7362,1.0
7363,1.0
7364,1.0
7365,6.0
7366,466253.0
7367,4.0
7368,1.0
7369,4.0
7370,1.0
7371,5.0
7372,2.0
7373,1.0
7374,1.0
7375,2.0
7376,50.0
7377,1.0
7378,1.0
7379,4.0
7380,1.0
7381,2.0
7382,13.0
7383,1.0
7384,7.0
7385,3801.0
7386,21.0
7387,2294.0
7388,1.0
7389,1.0
7390,2.0
7391,2.0
7392,1.0
7393,5.0
7394,1.0
7395,4.0
7396,78.0
7397,1.0
7398,10.0
7399,1.0
7400,2.0
7401,1.0
7402,25.0
7403,1.0
7404,3.0
7405,1.0
7406,1897.0
7407,2.0
7408,1.0
7409,3.0
7410,24.0
7411,25667.0
7412,3.0
7413,1.0
7414,1.0
7415,9.0
7416,1.0
7417,1.0
7418,1.0
7419,1.0
7420,1.0
7421,1.0
7422,2.0
7423,2.0
7424,2.0
7425,1.0
7426,6.0
7427,1.0
7428,1.0
7429,1.0
7430,2.0
7431,1.0
7432,12.0
7433,1.0
7434,54.0
7435,1.0
7436,1.0
7437,3.0
7438,3.0
7439,1.0
7440,2.0
7441,1.0
7442,6.0
7443,10.0
7444,40.0
7445,3.0
7446,27.0
7447,1.0
7448,1.0
7449,1.0
7450,1.0
7451,5.0
7452,1.0
7453,9.0
7454,1.0
7455,1.0
7456,2.0
7457,1.0
7458,1.0
7459,7.0
7460,2.0
7461,1.0
7462,1.0
7463,1.0
7464,18.0
7465,6.0
7466,2.0
7467,8.0
7468,5.0
7469,1.0
7470,1.0
7471,11.0
7472,5.0
7473,10.0
7474,1.0
7475,1.0
7476,4.0
7477,16.0
7478,1.0
7479,1.0
7480,5.0
7481,2.0
7482,1.0
7483,6985.0
7484,1.0
7485,1.0
7486,1.0
7487,1.0
7488,1.0
7489,9.0
7490,5.0
7491,1.0
7492,1.0
7493,1.0
7494,2.0
7495,1.0
7496,1.0
7497,1.0
7498,3.0
7499,1.0
7500,1.0
7501,2.0
7502,2.0
7503,1.0
7504,10.0
7505,3.0
7506,6.0
7507,11.0
7508,1.0
7509,1.0
7510,2.0
7511,2.0
7512,1.0
7513,21.0
7514,2.0
7515,1.0
7516,1.0
7517,6.0
7518,14.0
7519,1.0
7520,1.0
7521,1.0
7522,1.0
7523,14.0
7524,5.0
7525,2.0
7526,1863.0
7527,1.0
7528,11.0
7529,2.0
7530,1.0
7531,1.0
7532,1.0
7533,1.0
7534,1.0
7535,1.0
7536,2.0
7537,3.0
7538,1.0
7539,1.0
7540,6.0
7541,1.0
7542,4.0
7543,1.0
7544,1.0
7545,1.0
7546,11169.0
7547,3.0
7548,4.0
7549,1.0
7550,55.0
7551,5.0
7552,1.0
7553,11.0
7554,2.0
7555,3.0
7556,1.0
7557,14.0
7558,5.0
7559,16.0
7560,704516.0
7561,1.0
7562,1.0
7563,2.0
7564,4.0
7565,1.0
7566,12.0
7567,11.0
7568,1.0
7569,3.0
7570,1.0
7571,1.0
7572,1.0
7573,1.0
7574,1.0
7575,1.0
7576,1.0
7577,1.0
7578,1.0
7579,2.0
7580,1.0
7581,1.0
7582,364.0
7583,4.0
7584,1.0
7585,3.0
7586,208.0
7587,14.0
7588,1.0
7589,2.0
7590,448.0
7591,1.0
7592,1506.0
7593,3.0
7594,17.0
7595,2.0
7596,7.0
7597,1.0
7598,1.0
7599,2.0
7600,3.0
7601,1.0
7602,6.0
7603,1.0
7604,28686.0
7605,6872.0
7606,3.0
7607,3.0
7608,4.0
7609,3.0
7610,53.0
7611,6.0
7612,1.0
7613,1.0
7614,2.0
7615,3.0
7616,2.0
7617,27.0
7618,1.0
7619,8.0
7620,2.0
7621,3095.0
7622,1.0
7623,3.0
7624,6894.0
7625,20.0
7626,10.0
7627,3.0
7628,1.0
7629,3.0
7630,1.0
7631,1.0
7632,1.0
7633,2.0
7634,1.0
7635,3.0
7636,1.0
7637,1.0
7638,1.0
7639,1.0
7640,1.0
7641,1.0
7642,3.0
7643,1.0
7644,3.0
7645,1.0
7646,1.0
7647,1.0
7648,2.0
7649,3.0
7650,3.0
7651,16.0
7652,14350.0
7653,4.0
7654,5.0
7655,2.0
7656,1.0
7657,1.0
7658,1.0
7659,1.0
7660,2.0
7661,1.0
7662,1.0
7663,4.0
7664,3.0
7665,1.0
7666,1.0
7667,1.0
7668,1.0
7669,10.0
7670,1.0
7671,1.0
7672,1.0
7673,3.0
7674,1.0
7675,1.0
7676,21.0
7677,2.0
7678,1.0
7679,13.0
7680,1.0
7681,1.0
7682,25.0
7683,1.0
7684,22.0
7685,2.0
7686,17.0
7687,4.0
7688,1.0
7689,1.0
7690,2.0
7691,4.0
7692,1.0
7693,6.0
7694,2.0
7695,1.0
7696,27.0
7697,1.0
7698,1.0
7699,1.0
7700,6.0
7701,1.0
7702,1.0
7703,5.0
7704,1.0
7705,6410.0
7706,2.0
7707,915.0
7708,2.0
7709,2.0
7710,1.0
7711,1.0
7712,5.0
7713,2.0
7714,1.0
7715,1.0
7716,4.0
7717,377.0
7718,1.0
7719,4.0
7720,1.0
7721,1.0
7722,1.0
7723,2.0
7724,1.0
7725,2.0
7726,2.0
7727,4.0
7728,4.0
7729,2.0
7730,2.0
7731,1.0
7732,1.0
7733,4.0
7734,1.0
7735,45.0
7736,10.0
7737,1.0
7738,51.0
7739,1.0
7740,3.0
7741,1.0
7742,1.0
7743,3.0
7744,1.0
7745,11.0
7746,3.0
7747,2.0
7748,1.0
7749,1.0
7750,1.0
7751,123201.0
7752,2.0
7753,1.0
7754,8.0
7755,2.0
7756,1.0
7757,1.0
7758,4.0
7759,5.0
7760,1.0
7761,2.0
7762,2.0
7763,1.0
7764,42.0
7765,9.0
7766,2425.0
7767,12.0
7768,200.0
7769,1.0
7770,1.0
7771,1.0
7772,1.0
7773,2.0
7774,1.0
7775,24.0
7776,9.0
7777,1.0
7778,2.0
7779,4.0
7780,4.0
7781,32461.0
7782,5.0
7783,1.0
7784,1.0
7785,47.0
7786,722.0
7787,1.0
7788,3.0
7789,2.0
7790,2.0
7791,27.0
7792,9.0
7793,1.0
7794,70069.0
7795,12.0
7796,4.0
7797,770.0
7798,1.0
7799,4.0
7800,22.0
7801,44.0
7802,2.0
7803,1.0
7804,5.0
7805,3.0
7806,1.0
7807,1.0
7808,2.0
7809,1.0
7810,3.0
7811,2.0
7812,2.0
7813,19.0
7814,2.0
7815,1.0
7816,41.0
7817,5.0
7818,1.0
7819,1.0
7820,1.0
7821,4.0
7822,2.0
7823,2.0
7824,1.0
7825,3.0
7826,2.0
7827,73.0
7828,1.0
7829,3.0
7830,2.0
7831,1.0
7832,1.0
7833,4.0
7834,1.0
7835,1.0
7836,5.0
7837,2.0
7838,1.0
7839,25.0
7840,1.0
7841,17.0
7842,2.0
7843,1.0
7844,3.0
7845,3.0
7846,1.0
7847,1.0
7848,3.0
7849,2.0
7850,1.0
7851,203.0
7852,1.0
7853,2.0
7854,2.0
7855,86.0
7856,8.0
7857,1.0
7858,2.0
7859,9.0
7860,3.0
7861,18.0
7862,2.0
7863,1.0
7864,1.0
7865,8.0
7866,1.0
7867,2.0
7868,2.0
7869,1.0
7870,4.0
7871,1.0
7872,67.0
7873,5.0
7874,1.0
7875,3.0
7876,2.0
7877,6.0
7878,1.0
7879,1.0
7880,7.0
7881,10.0
7882,1.0
7883,1.0
7884,4.0
7885,1.0
7886,2.0
7887,1.0
7888,78.0
7889,2.0
7890,1.0
7891,1.0
7892,1.0
7893,12.0
7894,3.0
7895,9.0
7896,30.0
7897,2.0
7898,2.0
7899,1.0
7900,2.0
7901,16.0
7902,1.0
7903,1.0
7904,1.0
7905,6313.0
7906,1.0
7907,313.0
7908,1.0
7909,1.0
7910,1.0
7911,1.0
7912,1.0
7913,6.0
7914,1.0
7915,1.0
7916,5.0
7917,1.0
7918,11.0
7919,3.0
7920,3.0
7921,2.0
7922,24.0
7923,1.0
7924,2.0
7925,1.0
7926,1.0
7927,1.0
7928,1.0
7929,1.0
7930,1.0
7931,7.0
7932,7.0
7933,4.0
7934,1.0
7935,1.0
7936,1.0
7937,3.0
7938,3.0
7939,1.0
7940,1.0
7941,3.0
7942,1.0
7943,19.0
7944,1.0
7945,5.0
7946,1.0
7947,3.0
7948,2.0
7949,1.0
7950,2.0
7951,5.0
7952,1.0
7953,1.0
7954,14863.0
7955,3.0
7956,9.0
7957,1.0
7958,1.0
7959,1.0
7960,2.0
7961,1.0
7962,8207.0
7963,1.0
7964,3.0
7965,1.0
7966,3.0
7967,7.0
7968,1.0
7969,2.0
7970,9.0
7971,1.0
7972,1.0
7973,1.0
7974,1.0
7975,6249.0
7976,22.0
7977,1.0
7978,1.0
7979,21.0
7980,2.0
7981,2.0
7982,8.0
7983,2.0
7984,2.0
7985,14.0
7986,1.0
7987,5.0
7988,55.0
7989,4.0
7990,1.0
7991,1.0
7992,132.0
7993,1.0
7994,1.0
7995,1.0
7996,1.0
7997,12.0
7998,1.0
7999,1.0
8000,4.0
8001,2.0
8002,1.0
8003,3.0
8004,2.0
8005,1.0
8006,1.0
8007,5.0
8008,1.0
8009,5.0
8010,2.0
8011,2.0
8012,1.0
8013,1.0
8014,1.0
8015,1.0
8016,1.0
8017,123201.0
8018,1.0
8019,4.0
8020,1.0
8021,2.0
8022,607.0
8023,2.0
8024,1.0
8025,2.0
8026,2.0
8027,1.0
8028,2.0
8029,1.0
8030,1.0
8031,1.0
8032,8.0
8033,1.0
8034,1.0
8035,1.0
8036,1.0
8037,69.0
8038,249.0
8039,58.0
8040,13202.0
8041,1.0
8042,1.0
8043,3.0
8044,17.0
8045,1.0
8046,10.0
8047,4.0
8048,1.0
8049,1.0
8050,2.0
8051,2.0
8052,1.0
8053,1.0
8054,1.0
8055,1.0
8056,1.0
8057,2.0
8058,8.0
8059,2.0
8060,1.0
8061,5.0
8062,3.0
8063,1.0
8064,13350.0
8065,1.0
8066,1.0
8067,1.0
8068,1.0
8069,5.0
8070,1.0
8071,1.0
8072,1.0
8073,1.0
8074,6.0
8075,1364.0
8076,7.0
8077,1.0
8078,2.0
8079,3.0
8080,1.0
8081,1.0
8082,1269.0
8083,9.0
8084,1.0
8085,18.0
8086,3.0
8087,1.0
8088,2.0
8089,2.0
8090,1.0
8091,16.0
8092,3.0
8093,2.0
8094,1.0
8095,2.0
8096,1.0
8097,2.0
8098,2.0
8099,1.0
8100,4.0
8101,1.0
8102,4.0
8103,1.0
8104,2.0
8105,1.0
8106,1.0
8107,1.0
8108,2.0
8109,2.0
8110,12.0
8111,4.0
8112,1.0
8113,23.0
8114,2.0
8115,1.0
8116,1.0
8117,1.0
8118,3.0
8119,4.0
8120,1.0
8121,1.0
8122,1.0
8123,9334.0
8124,723.0
8125,68.0
8126,45.0
8127,4.0
8128,11.0
8129,2.0
8130,5.0
8131,1.0
8132,2.0
8133,1.0
8134,1.0
8135,1.0
8136,6.0
8137,8.0
8138,1.0
8139,1.0
8140,1.0
8141,3.0
8142,1.0
8143,1.0
8144,2.0
8145,1.0
8146,19.0
8147,3.0
8148,1.0
8149,2.0
8150,7.0
8151,2.0
8152,1.0
8153,2416.0
8154,1.0
8155,1.0
8156,1.0
8157,2.0
8158,10.0
8159,1.0
8160,1.0
8161,3.0
8162,2.0
8163,1.0
8164,6.0
8165,1.0
8166,2.0
8167,10.0
8168,16.0
8169,4.0
8170,1.0
8171,2.0
8172,2.0
8173,3.0
8174,1.0
8175,125.0
8176,1.0
8177,1.0
8178,1.0
8179,1.0
8180,1.0
8181,92.0
8182,16.0
8183,1.0
8184,6.0
8185,2.0
8186,25.0
8187,1.0
8188,5.0
8189,7.0
8190,11.0
8191,1.0
8192,1.0
8193,1.0
8194,2.0
8195,33.0
8196,3.0
8197,1.0
8198,1.0
8199,3.0
8200,2.0
8201,14.0
8202,1.0
8203,2.0
8204,1.0
8205,4.0
8206,1.0
8207,1.0
8208,142.0
8209,47.0
8210,1.0
8211,1.0
8212,19.0
8213,4.0
8214,1.0
8215,1.0
8216,4.0
8217,1.0
8218,2.0
8219,1.0
8220,3.0
8221,3.0
8222,1.0
8223,1.0
8224,117.0
8225,1525.0
8226,1.0
8227,2965.0
8228,39.0
8229,1.0
8230,6.0
8231,13.0
8232,1.0
8233,1.0
8234,3.0
8235,3.0
8236,1986.0
8237,6.0
8238,3.0
8239,12249.0
8240,5.0
8241,5.0
8242,2.0
8243,26.0
8244,50157.0
8245,1.0
8246,2.0
8247,6.0
8248,1.0
8249,1.0
8250,735.0
8251,1.0
8252,3.0
8253,2.0
8254,6.0
8255,3.0
8256,3720.0
8257,1.0
8258,2.0
8259,6.0
8260,2.0
8261,1.0
8262,24.0
8263,28.0
8264,1.0
8265,1.0
8266,8.0
8267,6.0
8268,2.0
8269,7.0
8270,1.0
8271,3.0
8272,1.0
8273,5.0
8274,1.0
8275,1.0
8276,1.0
8277,1.0
8278,2.0
8279,2.0
8280,1.0
8281,1.0
8282,2.0
8283,60.0
8284,1.0
8285,5.0
8286,1.0
8287,1.0
8288,30.0
8289,6.0
8290,12.0
8291,10.0
8292,1.0
8293,14.0
8294,1.0
8295,2.0
8296,4.0
8297,4.0
8298,1.0
8299,30.0
8300,20.0
8301,2.0
8302,1.0
8303,1.0
8304,36.0
8305,1.0
8306,5.0
8307,4.0
8308,1.0
8309,1.0
8310,1.0
8311,2.0
8312,1.0
8313,1.0
8314,4.0
8315,1.0
8316,11.0
8317,3.0
8318,9.0
8319,9.0
8320,1.0
8321,1.0
8322,3.0
8323,876.0
8324,3.0
8325,1.0
8326,1.0
8327,196.0
8328,1.0
8329,6.0
8330,11.0
8331,3.0
8332,2.0
8333,1.0
8334,3.0
8335,10.0
8336,10.0
8337,4.0
8338,2.0
8339,1.0
8340,1.0
8341,1.0
8342,1.0
8343,2.0
8344,1.0
8345,1.0
8346,1.0
8347,11.0
8348,14.0
8349,24.0
8350,107.0
8351,1.0
8352,10.0
8353,8.0
8354,2.0
8355,12.0
8356,1.0
8357,6.0
8358,1.0
8359,1.0
8360,1.0
8361,1.0
8362,1.0
8363,11.0
8364,41.0
8365,2.0
8366,1.0
8367,2.0
8368,1.0
8369,1.0
8370,18.0
8371,1.0
8372,7.0
8373,1.0
8374,1.0
8375,4.0
8376,1.0
8377,2.0
8378,3.0
8379,9.0
8380,1.0
8381,1.0
8382,2.0
8383,1.0
8384,1.0
8385,1.0
8386,3.0
8387,2.0
8388,1.0
8389,2.0
8390,1.0
8391,1.0
8392,1.0
8393,1.0
8394,1.0
8395,1.0
8396,1.0
8397,3.0
8398,2.0
8399,2.0
8400,2.0
8401,3.0
8402,2.0
8403,24.0
8404,1414.0
8405,1.0
8406,15.0
8407,44.0
8408,1.0
8409,1.0
8410,1.0
8411,27.0
8412,2.0
8413,2.0
8414,2.0
8415,21375.0
8416,1.0
8417,1.0
8418,1.0
8419,1.0
8420,1.0
8421,5.0
8422,1.0
8423,47.0
8424,152.0
8425,44.0
8426,1.0
8427,1.0
8428,4.0
8429,1.0
8430,3.0
8431,4.0
8432,2.0
8433,1.0
8434,1.0
8435,3.0
8436,47.0
8437,1.0
8438,2.0
8439,1.0
8440,3.0
8441,1.0
8442,7.0
8443,1.0
8444,2.0
8445,2.0
8446,1.0
8447,1.0
8448,1.0
8449,771.0
8450,8.0
8451,2.0
8452,11.0
8453,17.0
8454,1.0
8455,60204.0
8456,2.0
8457,1.0
8458,2.0
8459,1.0
8460,1.0
8461,1.0
8462,1.0
8463,1.0
8464,6.0
8465,12.0
8466,84.0
8467,1.0
8468,1.0
8469,2.0
8470,28.0
8471,10.0
8472,1.0
8473,1.0
8474,1.0
8475,1.0
8476,4.0
8477,1.0
8478,2.0
8479,1.0
8480,1.0
8481,30.0
8482,20.0
8483,1.0
8484,7.0
8485,3.0
8486,1.0
8487,1.0
8488,4.0
8489,6.0
8490,4.0
8491,2.0
8492,1.0
8493,1.0
8494,200.0
8495,5.0
8496,1.0
8497,1.0
8498,12.0
8499,1.0
8500,1.0
8501,24650.0
8502,2.0
8503,2505.0
8504,26.0
8505,26.0
8506,3.0
8507,1.0
8508,5.0
8509,11.0
8510,1.0
8511,36682.0
8512,4.0
8513,2.0
8514,1.0
8515,12.0
8516,1909.0
8517,3.0
8518,3.0
8519,4.0
8520,1.0
8521,1.0
8522,8.0
8523,7.0
8524,12567.0
8525,1.0
8526,1.0
8527,1.0
8528,2.0
8529,2.0
8530,1.0
8531,2.0
8532,1.0
8533,5.0
8534,2.0
8535,1.0
8536,2.0
8537,13.0
8538,3.0
8539,2.0
8540,7.0
8541,48.0
8542,1.0
8543,1.0
8544,21.0
8545,1.0
8546,13.0
8547,1.0
8548,6.0
